Page,ItemNumber,URL
1.0,1.0,solutions-explorer/plastalyst-1?queryID=8990ca73fae9fde373dc5ea8fa37cfcc
1.0,2.0,solutions-explorer/greenspector-1?queryID=8990ca73fae9fde373dc5ea8fa37cfcc
1.0,3.0,solutions-explorer/wisamo?queryID=8990ca73fae9fde373dc5ea8fa37cfcc
1.0,4.0,solutions-explorer/steamology-solution?queryID=8990ca73fae9fde373dc5ea8fa37cfcc
1.0,5.0,solutions-explorer/hellowatt-app?queryID=8990ca73fae9fde373dc5ea8fa37cfcc
1.0,6.0,solutions-explorer/clear-impact-station-cis-c?queryID=8990ca73fae9fde373dc5ea8fa37cfcc
1.0,7.0,solutions-explorer/mixergy-pv-embedded-smart-cylinder?queryID=8990ca73fae9fde373dc5ea8fa37cfcc
1.0,8.0,solutions-explorer/digitrack?queryID=8990ca73fae9fde373dc5ea8fa37cfcc
1.0,9.0,solutions-explorer/retrofit-for-electronic-infrastructure-1?queryID=8990ca73fae9fde373dc5ea8fa37cfcc
1.0,10.0,solutions-explorer/morforest-ecosystem-restoration?queryID=8990ca73fae9fde373dc5ea8fa37cfcc
1.0,11.0,solutions-explorer/solis-daylighting-collectors?queryID=8990ca73fae9fde373dc5ea8fa37cfcc
1.0,12.0,solutions-explorer/beeomonitoring-1?queryID=8990ca73fae9fde373dc5ea8fa37cfcc
1.0,13.0,solutions-explorer/shark7-hybrid-propulsion?queryID=8990ca73fae9fde373dc5ea8fa37cfcc
1.0,14.0,solutions-explorer/hydraloop-1?queryID=8990ca73fae9fde373dc5ea8fa37cfcc
1.0,15.0,solutions-explorer/syroco-efficientship?queryID=8990ca73fae9fde373dc5ea8fa37cfcc
1.0,16.0,solutions-explorer/scan-by-geosophy?queryID=8990ca73fae9fde373dc5ea8fa37cfcc
1.0,17.0,solutions-explorer/eco-xtra?queryID=8990ca73fae9fde373dc5ea8fa37cfcc
1.0,18.0,solutions-explorer/coffee-grounds-firelighters?queryID=8990ca73fae9fde373dc5ea8fa37cfcc
1.0,19.0,solutions-explorer/subsea-quieter?queryID=8990ca73fae9fde373dc5ea8fa37cfcc
1.0,20.0,solutions-explorer/noehmi?queryID=8990ca73fae9fde373dc5ea8fa37cfcc
1.0,21.0,solutions-explorer/syren-system-1?queryID=8990ca73fae9fde373dc5ea8fa37cfcc
1.0,22.0,solutions-explorer/valuewaste-1?queryID=8990ca73fae9fde373dc5ea8fa37cfcc
1.0,23.0,solutions-explorer/planetcare-microfibre-filter?queryID=8990ca73fae9fde373dc5ea8fa37cfcc
1.0,24.0,solutions-explorer/yuno-subscription-for-tech?queryID=8990ca73fae9fde373dc5ea8fa37cfcc
2.0,1.0,solutions-explorer/thermafy-home-survey?queryID=bdfc06a6ead44abb3b0a1130dc2d5c41
2.0,2.0,solutions-explorer/vg-holz?queryID=bdfc06a6ead44abb3b0a1130dc2d5c41
2.0,3.0,solutions-explorer/clearas-ecorecover?queryID=bdfc06a6ead44abb3b0a1130dc2d5c41
2.0,4.0,solutions-explorer/smart-building-24-7?queryID=bdfc06a6ead44abb3b0a1130dc2d5c41
2.0,5.0,solutions-explorer/biophosphate-fertiliser?queryID=bdfc06a6ead44abb3b0a1130dc2d5c41
2.0,6.0,solutions-explorer/low-frequency-sonication?queryID=bdfc06a6ead44abb3b0a1130dc2d5c41
2.0,7.0,solutions-explorer/generma-wave-energy-1?queryID=bdfc06a6ead44abb3b0a1130dc2d5c41
2.0,8.0,solutions-explorer/golgoth?queryID=bdfc06a6ead44abb3b0a1130dc2d5c41
2.0,9.0,solutions-explorer/voltalis-connect?queryID=bdfc06a6ead44abb3b0a1130dc2d5c41
2.0,10.0,solutions-explorer/dendronic-process?queryID=bdfc06a6ead44abb3b0a1130dc2d5c41
2.0,11.0,solutions-explorer/oxto-on?queryID=bdfc06a6ead44abb3b0a1130dc2d5c41
2.0,12.0,solutions-explorer/apa-air-pollution-abatement?queryID=bdfc06a6ead44abb3b0a1130dc2d5c41
2.0,13.0,solutions-explorer/turnkey-vertical-farms?queryID=bdfc06a6ead44abb3b0a1130dc2d5c41
2.0,14.0,solutions-explorer/soprastar-1?queryID=bdfc06a6ead44abb3b0a1130dc2d5c41
2.0,15.0,solutions-explorer/buy-back-program-for-mobile-devices?queryID=bdfc06a6ead44abb3b0a1130dc2d5c41
2.0,16.0,solutions-explorer/biodiversity-incubator?queryID=bdfc06a6ead44abb3b0a1130dc2d5c41
2.0,17.0,solutions-explorer/flatmate-1?queryID=bdfc06a6ead44abb3b0a1130dc2d5c41
2.0,18.0,solutions-explorer/guayule-latex?queryID=bdfc06a6ead44abb3b0a1130dc2d5c41
2.0,19.0,solutions-explorer/photobioreactor-pbr-1?queryID=bdfc06a6ead44abb3b0a1130dc2d5c41
2.0,20.0,solutions-explorer/high-value-pv-recycling?queryID=bdfc06a6ead44abb3b0a1130dc2d5c41
2.0,21.0,solutions-explorer/contribute-to-reduce-hotelx-cleaning?queryID=bdfc06a6ead44abb3b0a1130dc2d5c41
2.0,22.0,solutions-explorer/from-the-ground-to-the-cloud?queryID=bdfc06a6ead44abb3b0a1130dc2d5c41
2.0,23.0,solutions-explorer/masuko-1?queryID=bdfc06a6ead44abb3b0a1130dc2d5c41
2.0,24.0,solutions-explorer/vuna?queryID=bdfc06a6ead44abb3b0a1130dc2d5c41
3.0,1.0,solutions-explorer/reblock?queryID=e287367e9266cf669e016d7fe30b8135
3.0,2.0,solutions-explorer/solar-simulator?queryID=e287367e9266cf669e016d7fe30b8135
3.0,3.0,solutions-explorer/the-nomad-model?queryID=e287367e9266cf669e016d7fe30b8135
3.0,4.0,solutions-explorer/battery-management-platform?queryID=e287367e9266cf669e016d7fe30b8135
3.0,5.0,solutions-explorer/energo-chemical-reactor?queryID=e287367e9266cf669e016d7fe30b8135
3.0,6.0,solutions-explorer/zephir?queryID=e287367e9266cf669e016d7fe30b8135
3.0,7.0,solutions-explorer/beelse-cloud-manufacturing?queryID=e287367e9266cf669e016d7fe30b8135
3.0,8.0,solutions-explorer/hub-controller-automated-energy-manager?queryID=e287367e9266cf669e016d7fe30b8135
3.0,9.0,solutions-explorer/jardin-de-pluie-urbain?queryID=e287367e9266cf669e016d7fe30b8135
3.0,10.0,solutions-explorer/my-equipments?queryID=e287367e9266cf669e016d7fe30b8135
3.0,11.0,solutions-explorer/transparency-one-network?queryID=e287367e9266cf669e016d7fe30b8135
3.0,12.0,solutions-explorer/cellomur-ultra-eca?queryID=e287367e9266cf669e016d7fe30b8135
3.0,13.0,solutions-explorer/synchroguard-1?queryID=e287367e9266cf669e016d7fe30b8135
3.0,14.0,solutions-explorer/layer-light-as-your-energetic-response-1?queryID=e287367e9266cf669e016d7fe30b8135
3.0,15.0,solutions-explorer/sun-ways?queryID=e287367e9266cf669e016d7fe30b8135
3.0,16.0,solutions-explorer/zeelo-optimisation-engine?queryID=e287367e9266cf669e016d7fe30b8135
3.0,17.0,solutions-explorer/reebirth-one?queryID=e287367e9266cf669e016d7fe30b8135
3.0,18.0,solutions-explorer/amphore?queryID=e287367e9266cf669e016d7fe30b8135
3.0,19.0,solutions-explorer/lancey-capella?queryID=e287367e9266cf669e016d7fe30b8135
3.0,20.0,solutions-explorer/crewdle?queryID=e287367e9266cf669e016d7fe30b8135
3.0,21.0,solutions-explorer/demand-response-platform-mon-chauffage-electrique-connecte?queryID=e287367e9266cf669e016d7fe30b8135
3.0,22.0,solutions-explorer/lignoguard?queryID=e287367e9266cf669e016d7fe30b8135
3.0,23.0,solutions-explorer/seads-blue-barriers?queryID=e287367e9266cf669e016d7fe30b8135
3.0,24.0,solutions-explorer/ultracade-power?queryID=e287367e9266cf669e016d7fe30b8135
4.0,1.0,solutions-explorer/drop2drink-unit-1?queryID=d287172aa152c38a6cd2a48018523d98
4.0,2.0,solutions-explorer/more-circularity-less-mining?queryID=d287172aa152c38a6cd2a48018523d98
4.0,3.0,solutions-explorer/dramix?queryID=d287172aa152c38a6cd2a48018523d98
4.0,4.0,solutions-explorer/gastraq?queryID=d287172aa152c38a6cd2a48018523d98
4.0,5.0,solutions-explorer/capterall-1?queryID=d287172aa152c38a6cd2a48018523d98
4.0,6.0,solutions-explorer/j4energy?queryID=d287172aa152c38a6cd2a48018523d98
4.0,7.0,solutions-explorer/blueroutes?queryID=d287172aa152c38a6cd2a48018523d98
4.0,8.0,solutions-explorer/wasteloop-patent-alpenluft?queryID=d287172aa152c38a6cd2a48018523d98
4.0,9.0,solutions-explorer/h-aero-1?queryID=d287172aa152c38a6cd2a48018523d98
4.0,10.0,solutions-explorer/gws-one?queryID=d287172aa152c38a6cd2a48018523d98
4.0,11.0,solutions-explorer/on-demand-ventilation?queryID=d287172aa152c38a6cd2a48018523d98
4.0,12.0,solutions-explorer/irriot-wireless-precision-irrigation-automation?queryID=d287172aa152c38a6cd2a48018523d98
4.0,13.0,solutions-explorer/nanorestore?queryID=d287172aa152c38a6cd2a48018523d98
4.0,14.0,solutions-explorer/kiwee-mobility?queryID=d287172aa152c38a6cd2a48018523d98
4.0,15.0,solutions-explorer/thermo-acoustic-engine-for-heat-pumps?queryID=d287172aa152c38a6cd2a48018523d98
4.0,16.0,solutions-explorer/kls-filter?queryID=d287172aa152c38a6cd2a48018523d98
4.0,17.0,solutions-explorer/sempack-1?queryID=d287172aa152c38a6cd2a48018523d98
4.0,18.0,solutions-explorer/treatech-solution-for-the-valorisation-of-waste?queryID=d287172aa152c38a6cd2a48018523d98
4.0,19.0,solutions-explorer/geothermal-panel?queryID=d287172aa152c38a6cd2a48018523d98
4.0,20.0,solutions-explorer/aguardio-leak-sensor?queryID=d287172aa152c38a6cd2a48018523d98
4.0,21.0,solutions-explorer/purple-solo?queryID=d287172aa152c38a6cd2a48018523d98
4.0,22.0,solutions-explorer/flex-contact-range?queryID=d287172aa152c38a6cd2a48018523d98
4.0,23.0,solutions-explorer/tidal-stream-turbine?queryID=d287172aa152c38a6cd2a48018523d98
4.0,24.0,solutions-explorer/match-slate-tile?queryID=d287172aa152c38a6cd2a48018523d98
5.0,1.0,solutions-explorer/cheerio?queryID=292a813d4bcc95f461c27a4ca359f797
5.0,2.0,solutions-explorer/lungs-of-the-city-1?queryID=292a813d4bcc95f461c27a4ca359f797
5.0,3.0,solutions-explorer/rhex-rotating-heat-exchanger-1?queryID=292a813d4bcc95f461c27a4ca359f797
5.0,4.0,solutions-explorer/bio-enhancing-concrete-technology-for-marine-construction?queryID=292a813d4bcc95f461c27a4ca359f797
5.0,5.0,solutions-explorer/co2-bicarbonizer?queryID=292a813d4bcc95f461c27a4ca359f797
5.0,6.0,solutions-explorer/took-took?queryID=292a813d4bcc95f461c27a4ca359f797
5.0,7.0,solutions-explorer/kiplo-energy-communities?queryID=292a813d4bcc95f461c27a4ca359f797
5.0,8.0,solutions-explorer/hybrid-small-wind-solar-mini-power-plants?queryID=292a813d4bcc95f461c27a4ca359f797
5.0,9.0,solutions-explorer/athenergie?queryID=292a813d4bcc95f461c27a4ca359f797
5.0,10.0,solutions-explorer/carbon-cockpit?queryID=292a813d4bcc95f461c27a4ca359f797
5.0,11.0,solutions-explorer/unyo-1?queryID=292a813d4bcc95f461c27a4ca359f797
5.0,12.0,solutions-explorer/oceanics?queryID=292a813d4bcc95f461c27a4ca359f797
5.0,13.0,solutions-explorer/fill4life?queryID=292a813d4bcc95f461c27a4ca359f797
5.0,14.0,solutions-explorer/dynamic-combustion-chamber?queryID=292a813d4bcc95f461c27a4ca359f797
5.0,15.0,solutions-explorer/made-microwave-assisted-depolymerization?queryID=292a813d4bcc95f461c27a4ca359f797
5.0,16.0,solutions-explorer/fresnel-solar-steam-generator-1?queryID=292a813d4bcc95f461c27a4ca359f797
5.0,17.0,solutions-explorer/cycom-1?queryID=292a813d4bcc95f461c27a4ca359f797
5.0,18.0,solutions-explorer/lohc-infrastructure-for-large-scale-hydrogen-transport?queryID=292a813d4bcc95f461c27a4ca359f797
5.0,19.0,solutions-explorer/solarcoat?queryID=292a813d4bcc95f461c27a4ca359f797
5.0,20.0,solutions-explorer/citi-id?queryID=292a813d4bcc95f461c27a4ca359f797
5.0,21.0,solutions-explorer/solid-water-tank?queryID=292a813d4bcc95f461c27a4ca359f797
5.0,22.0,solutions-explorer/green-hydrogen-mobility?queryID=292a813d4bcc95f461c27a4ca359f797
5.0,23.0,solutions-explorer/wavepiston-wec?queryID=292a813d4bcc95f461c27a4ca359f797
5.0,24.0,solutions-explorer/net-zero-production-of-sustainable-fertiliser?queryID=292a813d4bcc95f461c27a4ca359f797
6.0,1.0,solutions-explorer/bio-butadiene-process?queryID=733708211c3575e1e3918ae36c5fd53b
6.0,2.0,solutions-explorer/microgrid-testbed-with-generic-models?queryID=733708211c3575e1e3918ae36c5fd53b
6.0,3.0,solutions-explorer/mokki-space?queryID=733708211c3575e1e3918ae36c5fd53b
6.0,4.0,solutions-explorer/myclaugerdetect?queryID=733708211c3575e1e3918ae36c5fd53b
6.0,5.0,solutions-explorer/smart-data-management-services?queryID=733708211c3575e1e3918ae36c5fd53b
6.0,6.0,solutions-explorer/the-future-of-your-product?queryID=733708211c3575e1e3918ae36c5fd53b
6.0,7.0,solutions-explorer/passive-variable-geometry?queryID=733708211c3575e1e3918ae36c5fd53b
6.0,8.0,solutions-explorer/platform-for-bipv-solutions-with-click-go-technology?queryID=733708211c3575e1e3918ae36c5fd53b
6.0,9.0,solutions-explorer/modular-immersion-cooling?queryID=733708211c3575e1e3918ae36c5fd53b
6.0,10.0,solutions-explorer/wind-craneless-system?queryID=733708211c3575e1e3918ae36c5fd53b
6.0,11.0,solutions-explorer/odyssey-1?queryID=733708211c3575e1e3918ae36c5fd53b
6.0,12.0,solutions-explorer/ce-green-city-panels?queryID=733708211c3575e1e3918ae36c5fd53b
6.0,13.0,solutions-explorer/riverse?queryID=733708211c3575e1e3918ae36c5fd53b
6.0,14.0,solutions-explorer/evercrete-co2-resistant-cement?queryID=733708211c3575e1e3918ae36c5fd53b
6.0,15.0,solutions-explorer/sdlabs?queryID=733708211c3575e1e3918ae36c5fd53b
6.0,16.0,solutions-explorer/tesc?queryID=733708211c3575e1e3918ae36c5fd53b
6.0,17.0,solutions-explorer/eco-furnace?queryID=733708211c3575e1e3918ae36c5fd53b
6.0,18.0,solutions-explorer/smart-office-for-reducing-space-usage?queryID=733708211c3575e1e3918ae36c5fd53b
6.0,19.0,solutions-explorer/geh2-the-hydrogen-fuel-cell-power-generator?queryID=733708211c3575e1e3918ae36c5fd53b
6.0,20.0,solutions-explorer/voltiron?queryID=733708211c3575e1e3918ae36c5fd53b
6.0,21.0,solutions-explorer/akila-digital-twin-platform-1?queryID=733708211c3575e1e3918ae36c5fd53b
6.0,22.0,solutions-explorer/agrho-s-boost-1?queryID=733708211c3575e1e3918ae36c5fd53b
6.0,23.0,solutions-explorer/reda-thermal-geothermal-electric-submersible-pump?queryID=733708211c3575e1e3918ae36c5fd53b
6.0,24.0,solutions-explorer/upcyclean?queryID=733708211c3575e1e3918ae36c5fd53b
7.0,1.0,solutions-explorer/ipac?queryID=9f997823eeee6189d10228aad3eac6f0
7.0,2.0,solutions-explorer/onfarm-biological-crop-control-system?queryID=9f997823eeee6189d10228aad3eac6f0
7.0,3.0,solutions-explorer/genesink-disruptive-consumer-electronics?queryID=9f997823eeee6189d10228aad3eac6f0
7.0,4.0,solutions-explorer/terrabox?queryID=9f997823eeee6189d10228aad3eac6f0
7.0,5.0,solutions-explorer/agora-software?queryID=9f997823eeee6189d10228aad3eac6f0
7.0,6.0,solutions-explorer/nobilis?queryID=9f997823eeee6189d10228aad3eac6f0
7.0,7.0,solutions-explorer/poolover-cts?queryID=9f997823eeee6189d10228aad3eac6f0
7.0,8.0,solutions-explorer/scalebuster-isbf?queryID=9f997823eeee6189d10228aad3eac6f0
7.0,9.0,solutions-explorer/recycled-paint?queryID=9f997823eeee6189d10228aad3eac6f0
7.0,10.0,solutions-explorer/circular-fiber-technology?queryID=9f997823eeee6189d10228aad3eac6f0
7.0,11.0,solutions-explorer/inex-sourcing?queryID=9f997823eeee6189d10228aad3eac6f0
7.0,12.0,solutions-explorer/chemical-free-varroa-treatment?queryID=9f997823eeee6189d10228aad3eac6f0
7.0,13.0,solutions-explorer/voltaware-energy-insights-platform?queryID=9f997823eeee6189d10228aad3eac6f0
7.0,14.0,solutions-explorer/peer-to-peer-electric-car-sharing?queryID=9f997823eeee6189d10228aad3eac6f0
7.0,15.0,solutions-explorer/hummingbird-mrv?queryID=9f997823eeee6189d10228aad3eac6f0
7.0,16.0,solutions-explorer/circulose?queryID=9f997823eeee6189d10228aad3eac6f0
7.0,17.0,solutions-explorer/nitifilter-1?queryID=9f997823eeee6189d10228aad3eac6f0
7.0,18.0,solutions-explorer/oghji-smart-switchboard?queryID=9f997823eeee6189d10228aad3eac6f0
7.0,19.0,solutions-explorer/greenova?queryID=9f997823eeee6189d10228aad3eac6f0
7.0,20.0,solutions-explorer/low-temperature-dishwasher-detergent?queryID=9f997823eeee6189d10228aad3eac6f0
7.0,21.0,solutions-explorer/the-drop?queryID=9f997823eeee6189d10228aad3eac6f0
7.0,22.0,solutions-explorer/sapo-fix?queryID=9f997823eeee6189d10228aad3eac6f0
7.0,23.0,solutions-explorer/joulia-inline-showerdrain-with-heat-recycling?queryID=9f997823eeee6189d10228aad3eac6f0
7.0,24.0,solutions-explorer/blokiwood?queryID=9f997823eeee6189d10228aad3eac6f0
8.0,1.0,solutions-explorer/slimrect-viker-products?queryID=cbbbc5242044fdf7dec9d4fc4743b96e
8.0,2.0,solutions-explorer/gramitherm-1?queryID=cbbbc5242044fdf7dec9d4fc4743b96e
8.0,3.0,solutions-explorer/ubq-thermoplastic-material?queryID=cbbbc5242044fdf7dec9d4fc4743b96e
8.0,4.0,solutions-explorer/technofox-eco-clean?queryID=cbbbc5242044fdf7dec9d4fc4743b96e
8.0,5.0,solutions-explorer/caulys-indoor-vertical-farms?queryID=cbbbc5242044fdf7dec9d4fc4743b96e
8.0,6.0,solutions-explorer/mysol-grid?queryID=cbbbc5242044fdf7dec9d4fc4743b96e
8.0,7.0,solutions-explorer/fnx-modules?queryID=cbbbc5242044fdf7dec9d4fc4743b96e
8.0,8.0,solutions-explorer/moleculargrip?queryID=cbbbc5242044fdf7dec9d4fc4743b96e
8.0,9.0,solutions-explorer/stolect-carnot-battery?queryID=cbbbc5242044fdf7dec9d4fc4743b96e
8.0,10.0,solutions-explorer/v-lease-1?queryID=cbbbc5242044fdf7dec9d4fc4743b96e
8.0,11.0,solutions-explorer/wagabox-1?queryID=cbbbc5242044fdf7dec9d4fc4743b96e
8.0,12.0,solutions-explorer/waterflush?queryID=cbbbc5242044fdf7dec9d4fc4743b96e
8.0,13.0,solutions-explorer/hydrosil-1?queryID=cbbbc5242044fdf7dec9d4fc4743b96e
8.0,14.0,solutions-explorer/smatch-1?queryID=cbbbc5242044fdf7dec9d4fc4743b96e
8.0,15.0,solutions-explorer/ecological-toilet-designed-as-ceramics-one?queryID=cbbbc5242044fdf7dec9d4fc4743b96e
8.0,16.0,solutions-explorer/aqua-gratis?queryID=cbbbc5242044fdf7dec9d4fc4743b96e
8.0,17.0,solutions-explorer/low-carbon-milk?queryID=cbbbc5242044fdf7dec9d4fc4743b96e
8.0,18.0,solutions-explorer/achille-local-marketplace?queryID=cbbbc5242044fdf7dec9d4fc4743b96e
8.0,19.0,solutions-explorer/geopannel-ecological-insulation-solution?queryID=cbbbc5242044fdf7dec9d4fc4743b96e
8.0,20.0,solutions-explorer/natufia-one?queryID=cbbbc5242044fdf7dec9d4fc4743b96e
8.0,21.0,solutions-explorer/active-magnetic-bearings?queryID=cbbbc5242044fdf7dec9d4fc4743b96e
8.0,22.0,solutions-explorer/sharkdispersions?queryID=cbbbc5242044fdf7dec9d4fc4743b96e
8.0,23.0,solutions-explorer/data-recycling-r?queryID=cbbbc5242044fdf7dec9d4fc4743b96e
8.0,24.0,solutions-explorer/batteries-as-a-service?queryID=cbbbc5242044fdf7dec9d4fc4743b96e
9.0,1.0,solutions-explorer/subster?queryID=e99e3d0c3acb127d1d86e174a29c7d43
9.0,2.0,solutions-explorer/drinkpure?queryID=e99e3d0c3acb127d1d86e174a29c7d43
9.0,3.0,solutions-explorer/purepilot?queryID=e99e3d0c3acb127d1d86e174a29c7d43
9.0,4.0,solutions-explorer/solvair-r?queryID=e99e3d0c3acb127d1d86e174a29c7d43
9.0,5.0,solutions-explorer/ecodeco?queryID=e99e3d0c3acb127d1d86e174a29c7d43
9.0,6.0,solutions-explorer/miljoskaerm?queryID=e99e3d0c3acb127d1d86e174a29c7d43
9.0,7.0,solutions-explorer/cocoparks?queryID=e99e3d0c3acb127d1d86e174a29c7d43
9.0,8.0,solutions-explorer/peba?queryID=e99e3d0c3acb127d1d86e174a29c7d43
9.0,9.0,solutions-explorer/dc-scope?queryID=e99e3d0c3acb127d1d86e174a29c7d43
9.0,10.0,solutions-explorer/recycling-the-unrecyclable?queryID=e99e3d0c3acb127d1d86e174a29c7d43
9.0,11.0,solutions-explorer/plaex-linx?queryID=e99e3d0c3acb127d1d86e174a29c7d43
9.0,12.0,solutions-explorer/turbulent-vortex-turbine?queryID=e99e3d0c3acb127d1d86e174a29c7d43
9.0,13.0,solutions-explorer/briiv?queryID=e99e3d0c3acb127d1d86e174a29c7d43
9.0,14.0,solutions-explorer/beebar?queryID=e99e3d0c3acb127d1d86e174a29c7d43
9.0,15.0,solutions-explorer/wepot?queryID=e99e3d0c3acb127d1d86e174a29c7d43
9.0,16.0,solutions-explorer/teqoya-air-purifier?queryID=e99e3d0c3acb127d1d86e174a29c7d43
9.0,17.0,solutions-explorer/izidore?queryID=e99e3d0c3acb127d1d86e174a29c7d43
9.0,18.0,solutions-explorer/covers-energy-pack?queryID=e99e3d0c3acb127d1d86e174a29c7d43
9.0,19.0,solutions-explorer/boostherm?queryID=e99e3d0c3acb127d1d86e174a29c7d43
9.0,20.0,solutions-explorer/fluidsolids-biocomposites?queryID=e99e3d0c3acb127d1d86e174a29c7d43
9.0,21.0,solutions-explorer/flights-footprint-estimator?queryID=e99e3d0c3acb127d1d86e174a29c7d43
9.0,22.0,solutions-explorer/bio-vase-hc?queryID=e99e3d0c3acb127d1d86e174a29c7d43
9.0,23.0,solutions-explorer/biochar-at-scale-in-the-tropics?queryID=e99e3d0c3acb127d1d86e174a29c7d43
9.0,24.0,solutions-explorer/c-zyme?queryID=e99e3d0c3acb127d1d86e174a29c7d43
10.0,1.0,solutions-explorer/edyn-dynamic-public-lighting?queryID=e54414f2951b10391f75d83afcd5d085
10.0,2.0,solutions-explorer/ubigreen-energy?queryID=e54414f2951b10391f75d83afcd5d085
10.0,3.0,solutions-explorer/solar-energy-solutions-in-africa?queryID=e54414f2951b10391f75d83afcd5d085
10.0,4.0,solutions-explorer/weather-responsive-smart-irrigation?queryID=e54414f2951b10391f75d83afcd5d085
10.0,5.0,solutions-explorer/armoire-aea?queryID=e54414f2951b10391f75d83afcd5d085
10.0,6.0,solutions-explorer/saferecycler?queryID=e54414f2951b10391f75d83afcd5d085
10.0,7.0,solutions-explorer/easee-energy-transition-platform?queryID=e54414f2951b10391f75d83afcd5d085
10.0,8.0,solutions-explorer/panatere-solar-powered-metal-recycling?queryID=e54414f2951b10391f75d83afcd5d085
10.0,9.0,solutions-explorer/food-packaging-as-a-service?queryID=e54414f2951b10391f75d83afcd5d085
10.0,10.0,solutions-explorer/simfocor?queryID=e54414f2951b10391f75d83afcd5d085
10.0,11.0,solutions-explorer/water-intelligence-platform?queryID=e54414f2951b10391f75d83afcd5d085
10.0,12.0,solutions-explorer/noma-editions?queryID=e54414f2951b10391f75d83afcd5d085
10.0,13.0,solutions-explorer/pure-cut?queryID=e54414f2951b10391f75d83afcd5d085
10.0,14.0,solutions-explorer/environmental-dna-edna?queryID=e54414f2951b10391f75d83afcd5d085
10.0,15.0,solutions-explorer/the-patented-plagazi-process?queryID=e54414f2951b10391f75d83afcd5d085
10.0,16.0,solutions-explorer/zbox?queryID=e54414f2951b10391f75d83afcd5d085
10.0,17.0,solutions-explorer/waveroller-1?queryID=e54414f2951b10391f75d83afcd5d085
10.0,18.0,solutions-explorer/solvair-marine?queryID=e54414f2951b10391f75d83afcd5d085
10.0,19.0,solutions-explorer/stixfresh-shelf-defense?queryID=e54414f2951b10391f75d83afcd5d085
10.0,20.0,solutions-explorer/watea-by-michelin?queryID=e54414f2951b10391f75d83afcd5d085
10.0,21.0,solutions-explorer/industrial-laser-cleaning-1?queryID=e54414f2951b10391f75d83afcd5d085
10.0,22.0,solutions-explorer/decisionx-netzero?queryID=e54414f2951b10391f75d83afcd5d085
10.0,23.0,solutions-explorer/farm-monitoring-2-0?queryID=e54414f2951b10391f75d83afcd5d085
10.0,24.0,solutions-explorer/solar-cloth-thin-film-photovoltaic-panel?queryID=e54414f2951b10391f75d83afcd5d085
11.0,1.0,solutions-explorer/pogo?queryID=3a36ec5044dee5f850490574ce6cad97
11.0,2.0,solutions-explorer/hydraulic-battery-micro-phs?queryID=3a36ec5044dee5f850490574ce6cad97
11.0,3.0,solutions-explorer/thegreenshot?queryID=3a36ec5044dee5f850490574ce6cad97
11.0,4.0,solutions-explorer/tiamat-sodium-ion-cells?queryID=3a36ec5044dee5f850490574ce6cad97
11.0,5.0,solutions-explorer/solar-boating-franchise-for-entrepreneurs?queryID=3a36ec5044dee5f850490574ce6cad97
11.0,6.0,solutions-explorer/novaair-heat-pump?queryID=3a36ec5044dee5f850490574ce6cad97
11.0,7.0,solutions-explorer/i-cense?queryID=3a36ec5044dee5f850490574ce6cad97
11.0,8.0,solutions-explorer/bioreactor-biorengaz?queryID=3a36ec5044dee5f850490574ce6cad97
11.0,9.0,solutions-explorer/freesuns-solar-roof-tiles?queryID=3a36ec5044dee5f850490574ce6cad97
11.0,10.0,solutions-explorer/pumped-hydro-storage-phs?queryID=3a36ec5044dee5f850490574ce6cad97
11.0,11.0,solutions-explorer/smart-port-digital-hub?queryID=3a36ec5044dee5f850490574ce6cad97
11.0,12.0,solutions-explorer/juvin-stainless-stove-1?queryID=3a36ec5044dee5f850490574ce6cad97
11.0,13.0,solutions-explorer/turbosol?queryID=3a36ec5044dee5f850490574ce6cad97
11.0,14.0,solutions-explorer/b2p-optim?queryID=3a36ec5044dee5f850490574ce6cad97
11.0,15.0,solutions-explorer/streem-energy-platform?queryID=3a36ec5044dee5f850490574ce6cad97
11.0,16.0,solutions-explorer/early-warning-diagnosis-e-warn-grain-1?queryID=3a36ec5044dee5f850490574ce6cad97
11.0,17.0,solutions-explorer/activ-nutrition?queryID=3a36ec5044dee5f850490574ce6cad97
11.0,18.0,solutions-explorer/vertua-ultra-zero?queryID=3a36ec5044dee5f850490574ce6cad97
11.0,19.0,solutions-explorer/smart-photovoltaic-tracker?queryID=3a36ec5044dee5f850490574ce6cad97
11.0,20.0,solutions-explorer/gouach-repairable-electric-batteries?queryID=3a36ec5044dee5f850490574ce6cad97
11.0,21.0,solutions-explorer/swissroll-030?queryID=3a36ec5044dee5f850490574ce6cad97
11.0,22.0,solutions-explorer/feedgy-analytics?queryID=3a36ec5044dee5f850490574ce6cad97
11.0,23.0,solutions-explorer/wret-water-recycling-eco-toilets?queryID=3a36ec5044dee5f850490574ce6cad97
11.0,24.0,solutions-explorer/orca-optical-and-rf-constellations-on-aircraft?queryID=3a36ec5044dee5f850490574ce6cad97
12.0,1.0,solutions-explorer/addibond?queryID=45f0727bb4ada225f6ab9c2a1358cec0
12.0,2.0,solutions-explorer/behavioural-insights-platform?queryID=45f0727bb4ada225f6ab9c2a1358cec0
12.0,3.0,solutions-explorer/koolhome?queryID=45f0727bb4ada225f6ab9c2a1358cec0
12.0,4.0,solutions-explorer/magnetizable-inks-for-enhanced-recycling?queryID=45f0727bb4ada225f6ab9c2a1358cec0
12.0,5.0,solutions-explorer/twin-transmission-technology-for-e-bikes?queryID=45f0727bb4ada225f6ab9c2a1358cec0
12.0,6.0,solutions-explorer/corsopatch-aircraft?queryID=45f0727bb4ada225f6ab9c2a1358cec0
12.0,7.0,solutions-explorer/solfium?queryID=45f0727bb4ada225f6ab9c2a1358cec0
12.0,8.0,solutions-explorer/wanit-twin-solarconnector?queryID=45f0727bb4ada225f6ab9c2a1358cec0
12.0,9.0,solutions-explorer/bio-310-uv-led-reactor?queryID=45f0727bb4ada225f6ab9c2a1358cec0
12.0,10.0,solutions-explorer/carbon-map?queryID=45f0727bb4ada225f6ab9c2a1358cec0
12.0,11.0,solutions-explorer/plant?queryID=45f0727bb4ada225f6ab9c2a1358cec0
12.0,12.0,solutions-explorer/swiss-airtainer?queryID=45f0727bb4ada225f6ab9c2a1358cec0
12.0,13.0,solutions-explorer/sunfire-remote?queryID=45f0727bb4ada225f6ab9c2a1358cec0
12.0,14.0,solutions-explorer/ibo-bulk-trip-assist?queryID=45f0727bb4ada225f6ab9c2a1358cec0
12.0,15.0,solutions-explorer/growth-towers?queryID=45f0727bb4ada225f6ab9c2a1358cec0
12.0,16.0,solutions-explorer/e-mission-system?queryID=45f0727bb4ada225f6ab9c2a1358cec0
12.0,17.0,solutions-explorer/hiboo-systems-sas?queryID=45f0727bb4ada225f6ab9c2a1358cec0
12.0,18.0,solutions-explorer/double-pony?queryID=45f0727bb4ada225f6ab9c2a1358cec0
12.0,19.0,solutions-explorer/evertree?queryID=45f0727bb4ada225f6ab9c2a1358cec0
12.0,20.0,solutions-explorer/exxfire-green-industrial-fire-suppression?queryID=45f0727bb4ada225f6ab9c2a1358cec0
12.0,21.0,solutions-explorer/sympheny?queryID=45f0727bb4ada225f6ab9c2a1358cec0
12.0,22.0,solutions-explorer/eaternity-score?queryID=45f0727bb4ada225f6ab9c2a1358cec0
12.0,23.0,solutions-explorer/m-a-p-technology?queryID=45f0727bb4ada225f6ab9c2a1358cec0
12.0,24.0,solutions-explorer/amalthea-in-store-refillable-cosmetics?queryID=45f0727bb4ada225f6ab9c2a1358cec0
13.0,1.0,solutions-explorer/mobile-energy-supply-units?queryID=46f75c82b2c65bfe125c0a55bed77ecb
13.0,2.0,solutions-explorer/power-to-x-modular-chemical-plants?queryID=46f75c82b2c65bfe125c0a55bed77ecb
13.0,3.0,solutions-explorer/cityq-car-ebike?queryID=46f75c82b2c65bfe125c0a55bed77ecb
13.0,4.0,solutions-explorer/myeasycarbon?queryID=46f75c82b2c65bfe125c0a55bed77ecb
13.0,5.0,solutions-explorer/afux?queryID=46f75c82b2c65bfe125c0a55bed77ecb
13.0,6.0,solutions-explorer/multidrains-geothermal-wells?queryID=46f75c82b2c65bfe125c0a55bed77ecb
13.0,7.0,solutions-explorer/electricfeel-shared-mobility-os?queryID=46f75c82b2c65bfe125c0a55bed77ecb
13.0,8.0,solutions-explorer/fis-v-zero?queryID=46f75c82b2c65bfe125c0a55bed77ecb
13.0,9.0,solutions-explorer/seasam?queryID=46f75c82b2c65bfe125c0a55bed77ecb
13.0,10.0,solutions-explorer/etanker?queryID=46f75c82b2c65bfe125c0a55bed77ecb
13.0,11.0,solutions-explorer/octopus?queryID=46f75c82b2c65bfe125c0a55bed77ecb
13.0,12.0,solutions-explorer/propelair-toilet-system?queryID=46f75c82b2c65bfe125c0a55bed77ecb
13.0,13.0,solutions-explorer/polyal-sustainable-building-material?queryID=46f75c82b2c65bfe125c0a55bed77ecb
13.0,14.0,solutions-explorer/reusable-packaging-solution-gamified?queryID=46f75c82b2c65bfe125c0a55bed77ecb
13.0,15.0,solutions-explorer/jbox-iecharge?queryID=46f75c82b2c65bfe125c0a55bed77ecb
13.0,16.0,solutions-explorer/magtopressors-and-magtopumps?queryID=46f75c82b2c65bfe125c0a55bed77ecb
13.0,17.0,solutions-explorer/terra-fertilis-soil-fertilizer?queryID=46f75c82b2c65bfe125c0a55bed77ecb
13.0,18.0,solutions-explorer/wirquin-neo-air?queryID=46f75c82b2c65bfe125c0a55bed77ecb
13.0,19.0,solutions-explorer/elandfill?queryID=46f75c82b2c65bfe125c0a55bed77ecb
13.0,20.0,solutions-explorer/acea-smart-comp?queryID=46f75c82b2c65bfe125c0a55bed77ecb
13.0,21.0,solutions-explorer/cloud-farm?queryID=46f75c82b2c65bfe125c0a55bed77ecb
13.0,22.0,solutions-explorer/the-moana-pledge?queryID=46f75c82b2c65bfe125c0a55bed77ecb
13.0,23.0,solutions-explorer/pacelab-fpo?queryID=46f75c82b2c65bfe125c0a55bed77ecb
13.0,24.0,solutions-explorer/qr-light?queryID=46f75c82b2c65bfe125c0a55bed77ecb
14.0,1.0,solutions-explorer/sunshine-solar-lamps?queryID=919e662da2f11915b8f34d9961b7a579
14.0,2.0,solutions-explorer/flowbox-iid-energy-management-platform?queryID=919e662da2f11915b8f34d9961b7a579
14.0,3.0,solutions-explorer/verdigris-smart-energy-management-platform?queryID=919e662da2f11915b8f34d9961b7a579
14.0,4.0,solutions-explorer/light-weight-heating-fuel-eco-can?queryID=919e662da2f11915b8f34d9961b7a579
14.0,5.0,solutions-explorer/sageglass?queryID=919e662da2f11915b8f34d9961b7a579
14.0,6.0,solutions-explorer/fastrig?queryID=919e662da2f11915b8f34d9961b7a579
14.0,7.0,solutions-explorer/new-strong-gypsum-for-construction?queryID=919e662da2f11915b8f34d9961b7a579
14.0,8.0,solutions-explorer/smart-voltaic-louvres?queryID=919e662da2f11915b8f34d9961b7a579
14.0,9.0,solutions-explorer/bio-polyol?queryID=919e662da2f11915b8f34d9961b7a579
14.0,10.0,solutions-explorer/cooling-as-a-service?queryID=919e662da2f11915b8f34d9961b7a579
14.0,11.0,solutions-explorer/reef-cubes-marinecrete?queryID=919e662da2f11915b8f34d9961b7a579
14.0,12.0,solutions-explorer/recapture-dedicated-crs?queryID=919e662da2f11915b8f34d9961b7a579
14.0,13.0,solutions-explorer/chargeguru-ev-charging-solution?queryID=919e662da2f11915b8f34d9961b7a579
14.0,14.0,solutions-explorer/eliq-utility-customer-engagement-platform?queryID=919e662da2f11915b8f34d9961b7a579
14.0,15.0,solutions-explorer/palbank?queryID=919e662da2f11915b8f34d9961b7a579
14.0,16.0,solutions-explorer/isover-bio-based-glass-wool-insulation?queryID=919e662da2f11915b8f34d9961b7a579
14.0,17.0,solutions-explorer/gecko?queryID=919e662da2f11915b8f34d9961b7a579
14.0,18.0,solutions-explorer/water-lentil-protein?queryID=919e662da2f11915b8f34d9961b7a579
14.0,19.0,solutions-explorer/current-magnetometry-inspection?queryID=919e662da2f11915b8f34d9961b7a579
14.0,20.0,solutions-explorer/geocycle-planet-solutions?queryID=919e662da2f11915b8f34d9961b7a579
14.0,21.0,solutions-explorer/combi-handwashing-station?queryID=919e662da2f11915b8f34d9961b7a579
14.0,22.0,solutions-explorer/platforms-for-life?queryID=919e662da2f11915b8f34d9961b7a579
14.0,23.0,solutions-explorer/ammp?queryID=919e662da2f11915b8f34d9961b7a579
14.0,24.0,solutions-explorer/the-most-sustainable-protein-alver-golden-chlorella?queryID=919e662da2f11915b8f34d9961b7a579
15.0,1.0,solutions-explorer/lormauto-car?queryID=a7fc318e5ee7f22e889ff83a7405e6f9
15.0,2.0,solutions-explorer/cassio?queryID=a7fc318e5ee7f22e889ff83a7405e6f9
15.0,3.0,solutions-explorer/nature-protect-syntilor?queryID=a7fc318e5ee7f22e889ff83a7405e6f9
15.0,4.0,solutions-explorer/off-the-grid-electricity-generating-spinning-bike?queryID=a7fc318e5ee7f22e889ff83a7405e6f9
15.0,5.0,solutions-explorer/conso-live-key?queryID=a7fc318e5ee7f22e889ff83a7405e6f9
15.0,6.0,solutions-explorer/kheoosmarket?queryID=a7fc318e5ee7f22e889ff83a7405e6f9
15.0,7.0,solutions-explorer/hydro-s3dp?queryID=a7fc318e5ee7f22e889ff83a7405e6f9
15.0,8.0,solutions-explorer/pura-inverse-osmosis?queryID=a7fc318e5ee7f22e889ff83a7405e6f9
15.0,9.0,solutions-explorer/hotwaterquickly-1?queryID=a7fc318e5ee7f22e889ff83a7405e6f9
15.0,10.0,solutions-explorer/packaging-made-circular-by-design?queryID=a7fc318e5ee7f22e889ff83a7405e6f9
15.0,11.0,solutions-explorer/agrivoltaic?queryID=a7fc318e5ee7f22e889ff83a7405e6f9
15.0,12.0,solutions-explorer/eturnity-renewable-software-solution?queryID=a7fc318e5ee7f22e889ff83a7405e6f9
15.0,13.0,solutions-explorer/designpro-hydrokinetic-turbines?queryID=a7fc318e5ee7f22e889ff83a7405e6f9
15.0,14.0,solutions-explorer/rpet-honeycomb-core-technology?queryID=a7fc318e5ee7f22e889ff83a7405e6f9
15.0,15.0,solutions-explorer/aquamaster4-1?queryID=a7fc318e5ee7f22e889ff83a7405e6f9
15.0,16.0,solutions-explorer/hydrell-systems?queryID=a7fc318e5ee7f22e889ff83a7405e6f9
15.0,17.0,solutions-explorer/hydrogen-injection-system-h-i-s?queryID=a7fc318e5ee7f22e889ff83a7405e6f9
15.0,18.0,solutions-explorer/vgt-platform?queryID=a7fc318e5ee7f22e889ff83a7405e6f9
15.0,19.0,solutions-explorer/sopra-xps?queryID=a7fc318e5ee7f22e889ff83a7405e6f9
15.0,20.0,solutions-explorer/eco-friendly-pool-by-waterair?queryID=a7fc318e5ee7f22e889ff83a7405e6f9
15.0,21.0,solutions-explorer/metron-energy-management?queryID=a7fc318e5ee7f22e889ff83a7405e6f9
15.0,22.0,solutions-explorer/vetar?queryID=a7fc318e5ee7f22e889ff83a7405e6f9
15.0,23.0,solutions-explorer/safetyn-box-safetyn-eco-index?queryID=a7fc318e5ee7f22e889ff83a7405e6f9
15.0,24.0,solutions-explorer/g3nius-by-gresmalt?queryID=a7fc318e5ee7f22e889ff83a7405e6f9
16.0,1.0,solutions-explorer/blue-le-grand-menage?queryID=b7b142c08a9f8c13b2db5af6c77157c9
16.0,2.0,solutions-explorer/recyclobin?queryID=b7b142c08a9f8c13b2db5af6c77157c9
16.0,3.0,solutions-explorer/eco-mallas-by-ecoceramic?queryID=b7b142c08a9f8c13b2db5af6c77157c9
16.0,4.0,solutions-explorer/ecoxtract?queryID=b7b142c08a9f8c13b2db5af6c77157c9
16.0,5.0,solutions-explorer/new-flow?queryID=b7b142c08a9f8c13b2db5af6c77157c9
16.0,6.0,solutions-explorer/waterpod-by-i-drop?queryID=b7b142c08a9f8c13b2db5af6c77157c9
16.0,7.0,solutions-explorer/hipli?queryID=b7b142c08a9f8c13b2db5af6c77157c9
16.0,8.0,solutions-explorer/oceanwings?queryID=b7b142c08a9f8c13b2db5af6c77157c9
16.0,9.0,solutions-explorer/prevex-flexloc-ecoline?queryID=b7b142c08a9f8c13b2db5af6c77157c9
16.0,10.0,solutions-explorer/water-for-all?queryID=b7b142c08a9f8c13b2db5af6c77157c9
16.0,11.0,solutions-explorer/pie-free-water?queryID=b7b142c08a9f8c13b2db5af6c77157c9
16.0,12.0,solutions-explorer/yangi?queryID=b7b142c08a9f8c13b2db5af6c77157c9
16.0,13.0,solutions-explorer/h2renew?queryID=b7b142c08a9f8c13b2db5af6c77157c9
16.0,14.0,solutions-explorer/pay-as-you-gas?queryID=b7b142c08a9f8c13b2db5af6c77157c9
16.0,15.0,solutions-explorer/recyc-leather-innovative-material?queryID=b7b142c08a9f8c13b2db5af6c77157c9
16.0,16.0,solutions-explorer/mylea-low-impact-leather?queryID=b7b142c08a9f8c13b2db5af6c77157c9
16.0,17.0,solutions-explorer/ampersand-battery-swapping-network?queryID=b7b142c08a9f8c13b2db5af6c77157c9
16.0,18.0,solutions-explorer/eco-touch?queryID=b7b142c08a9f8c13b2db5af6c77157c9
16.0,19.0,solutions-explorer/solar-opex?queryID=b7b142c08a9f8c13b2db5af6c77157c9
16.0,20.0,solutions-explorer/ciplen?queryID=b7b142c08a9f8c13b2db5af6c77157c9
16.0,21.0,solutions-explorer/quigo-green?queryID=b7b142c08a9f8c13b2db5af6c77157c9
16.0,22.0,solutions-explorer/traace?queryID=b7b142c08a9f8c13b2db5af6c77157c9
16.0,23.0,solutions-explorer/noosa-fiber?queryID=b7b142c08a9f8c13b2db5af6c77157c9
16.0,24.0,solutions-explorer/opti-protein?queryID=b7b142c08a9f8c13b2db5af6c77157c9
17.0,1.0,solutions-explorer/tracteasy?queryID=fc54a3279ef0941aa2b58e3738fe78a6
17.0,2.0,solutions-explorer/climate-smart-seed-production-its-supply-system?queryID=fc54a3279ef0941aa2b58e3738fe78a6
17.0,3.0,solutions-explorer/circular-explorer?queryID=fc54a3279ef0941aa2b58e3738fe78a6
17.0,4.0,solutions-explorer/ingenuity-geothermal-power?queryID=fc54a3279ef0941aa2b58e3738fe78a6
17.0,5.0,solutions-explorer/rice-husk-insulation?queryID=fc54a3279ef0941aa2b58e3738fe78a6
17.0,6.0,solutions-explorer/redhill-thin-film-plasma-reactor?queryID=fc54a3279ef0941aa2b58e3738fe78a6
17.0,7.0,solutions-explorer/holcim-base-vial?queryID=fc54a3279ef0941aa2b58e3738fe78a6
17.0,8.0,solutions-explorer/circular-grab-adhesive?queryID=fc54a3279ef0941aa2b58e3738fe78a6
17.0,9.0,solutions-explorer/atmotrack?queryID=fc54a3279ef0941aa2b58e3738fe78a6
17.0,10.0,solutions-explorer/suez-smart-village?queryID=fc54a3279ef0941aa2b58e3738fe78a6
17.0,11.0,solutions-explorer/lorentz-solar-water-pumps?queryID=fc54a3279ef0941aa2b58e3738fe78a6
17.0,12.0,solutions-explorer/ecocell?queryID=fc54a3279ef0941aa2b58e3738fe78a6
17.0,13.0,solutions-explorer/kaiterra-enterprise-iaq-monitoring-solutions?queryID=fc54a3279ef0941aa2b58e3738fe78a6
17.0,14.0,solutions-explorer/biogreen-1?queryID=fc54a3279ef0941aa2b58e3738fe78a6
17.0,15.0,solutions-explorer/gardenpump-18?queryID=fc54a3279ef0941aa2b58e3738fe78a6
17.0,16.0,solutions-explorer/hd-rain-measurement-technology?queryID=fc54a3279ef0941aa2b58e3738fe78a6
17.0,17.0,solutions-explorer/routing-engine-for-electric-vehicles?queryID=fc54a3279ef0941aa2b58e3738fe78a6
17.0,18.0,solutions-explorer/kite-traction-for-motor-ships?queryID=fc54a3279ef0941aa2b58e3738fe78a6
17.0,19.0,solutions-explorer/wave2o?queryID=fc54a3279ef0941aa2b58e3738fe78a6
17.0,20.0,solutions-explorer/man-etes-electro-thermal-energy-storage?queryID=fc54a3279ef0941aa2b58e3738fe78a6
17.0,21.0,solutions-explorer/hya-bioplastics?queryID=fc54a3279ef0941aa2b58e3738fe78a6
17.0,22.0,solutions-explorer/optimized-hydro-turbines-for-rural-electrification?queryID=fc54a3279ef0941aa2b58e3738fe78a6
17.0,23.0,solutions-explorer/eco-efficient-otium-home?queryID=fc54a3279ef0941aa2b58e3738fe78a6
17.0,24.0,solutions-explorer/waterwish-5-0?queryID=fc54a3279ef0941aa2b58e3738fe78a6
18.0,1.0,solutions-explorer/fast-water-lens?queryID=bf41618ad827a39e42af7be563891abe
18.0,2.0,solutions-explorer/automated-zero-waste-system?queryID=bf41618ad827a39e42af7be563891abe
18.0,3.0,solutions-explorer/protector?queryID=bf41618ad827a39e42af7be563891abe
18.0,4.0,solutions-explorer/panda?queryID=bf41618ad827a39e42af7be563891abe
18.0,5.0,solutions-explorer/dulux-easycare-scuff-resist-technology?queryID=bf41618ad827a39e42af7be563891abe
18.0,6.0,solutions-explorer/ai-for-high-efficiency-water-networks?queryID=bf41618ad827a39e42af7be563891abe
18.0,7.0,solutions-explorer/ather-450x?queryID=bf41618ad827a39e42af7be563891abe
18.0,8.0,solutions-explorer/vadimap?queryID=bf41618ad827a39e42af7be563891abe
18.0,9.0,solutions-explorer/cemshaletm-cemtowertm?queryID=bf41618ad827a39e42af7be563891abe
18.0,10.0,solutions-explorer/coomtech-smr-technology?queryID=bf41618ad827a39e42af7be563891abe
18.0,11.0,solutions-explorer/kitwin?queryID=bf41618ad827a39e42af7be563891abe
18.0,12.0,solutions-explorer/etixx-31-neops-1?queryID=bf41618ad827a39e42af7be563891abe
18.0,13.0,solutions-explorer/variable-volume-reservoir-vvr?queryID=bf41618ad827a39e42af7be563891abe
18.0,14.0,solutions-explorer/fit-for-purpose-land-titling?queryID=bf41618ad827a39e42af7be563891abe
18.0,15.0,solutions-explorer/the-coffeecoiner?queryID=bf41618ad827a39e42af7be563891abe
18.0,16.0,solutions-explorer/suez-compact-units?queryID=bf41618ad827a39e42af7be563891abe
18.0,17.0,solutions-explorer/delta-x?queryID=bf41618ad827a39e42af7be563891abe
18.0,18.0,solutions-explorer/enverse-skybridge?queryID=bf41618ad827a39e42af7be563891abe
18.0,19.0,solutions-explorer/treedom?queryID=bf41618ad827a39e42af7be563891abe
18.0,20.0,solutions-explorer/up400?queryID=bf41618ad827a39e42af7be563891abe
18.0,21.0,solutions-explorer/solar-wash-protect?queryID=bf41618ad827a39e42af7be563891abe
18.0,22.0,solutions-explorer/pearlaqua-micro?queryID=bf41618ad827a39e42af7be563891abe
18.0,23.0,solutions-explorer/regenbox?queryID=bf41618ad827a39e42af7be563891abe
18.0,24.0,solutions-explorer/smp-sustainability-management-platform?queryID=bf41618ad827a39e42af7be563891abe
19.0,1.0,solutions-explorer/smartec?queryID=9fcb579b2c8d8e757222cd5e017dd1b0
19.0,2.0,solutions-explorer/opatrace?queryID=9fcb579b2c8d8e757222cd5e017dd1b0
19.0,3.0,solutions-explorer/cycsatellites?queryID=9fcb579b2c8d8e757222cd5e017dd1b0
19.0,4.0,solutions-explorer/proxipel-unit?queryID=9fcb579b2c8d8e757222cd5e017dd1b0
19.0,5.0,solutions-explorer/facadeclick?queryID=9fcb579b2c8d8e757222cd5e017dd1b0
19.0,6.0,solutions-explorer/uduma-1?queryID=9fcb579b2c8d8e757222cd5e017dd1b0
19.0,7.0,solutions-explorer/ecoburner-carbon-and-water-savings?queryID=9fcb579b2c8d8e757222cd5e017dd1b0
19.0,8.0,solutions-explorer/nutrigeo?queryID=9fcb579b2c8d8e757222cd5e017dd1b0
19.0,9.0,solutions-explorer/hydromedia-rooftop-duo?queryID=9fcb579b2c8d8e757222cd5e017dd1b0
19.0,10.0,solutions-explorer/volito?queryID=9fcb579b2c8d8e757222cd5e017dd1b0
19.0,11.0,solutions-explorer/pag-plasma-assisted-gasification?queryID=9fcb579b2c8d8e757222cd5e017dd1b0
19.0,12.0,solutions-explorer/g3-bioglass?queryID=9fcb579b2c8d8e757222cd5e017dd1b0
19.0,13.0,solutions-explorer/cleany-quick-technology?queryID=9fcb579b2c8d8e757222cd5e017dd1b0
19.0,14.0,solutions-explorer/teo-power?queryID=9fcb579b2c8d8e757222cd5e017dd1b0
19.0,15.0,solutions-explorer/optiml?queryID=9fcb579b2c8d8e757222cd5e017dd1b0
19.0,16.0,solutions-explorer/airec-odor?queryID=9fcb579b2c8d8e757222cd5e017dd1b0
19.0,17.0,solutions-explorer/ways2h-hydrogen-solution?queryID=9fcb579b2c8d8e757222cd5e017dd1b0
19.0,18.0,solutions-explorer/good-soaps-sustainable-dishwashing?queryID=9fcb579b2c8d8e757222cd5e017dd1b0
19.0,19.0,solutions-explorer/the-checkerspot-platform?queryID=9fcb579b2c8d8e757222cd5e017dd1b0
19.0,20.0,solutions-explorer/carbo?queryID=9fcb579b2c8d8e757222cd5e017dd1b0
19.0,21.0,solutions-explorer/ennobox?queryID=9fcb579b2c8d8e757222cd5e017dd1b0
19.0,22.0,solutions-explorer/urban-radar?queryID=9fcb579b2c8d8e757222cd5e017dd1b0
19.0,23.0,solutions-explorer/hydrogen-powered-ice-chp?queryID=9fcb579b2c8d8e757222cd5e017dd1b0
19.0,24.0,solutions-explorer/efinor-s-double-flow-technology?queryID=9fcb579b2c8d8e757222cd5e017dd1b0
20.0,1.0,solutions-explorer/red-series-additive-fusion-solution?queryID=fc364a943aeb94fa360078e1d65f3329
20.0,2.0,solutions-explorer/mbio7?queryID=fc364a943aeb94fa360078e1d65f3329
20.0,3.0,solutions-explorer/inopower?queryID=fc364a943aeb94fa360078e1d65f3329
20.0,4.0,solutions-explorer/axioma?queryID=fc364a943aeb94fa360078e1d65f3329
20.0,5.0,solutions-explorer/sagid?queryID=fc364a943aeb94fa360078e1d65f3329
20.0,6.0,solutions-explorer/aventum-plasma-gasification?queryID=fc364a943aeb94fa360078e1d65f3329
20.0,7.0,solutions-explorer/syngulon-bacteriocins?queryID=fc364a943aeb94fa360078e1d65f3329
20.0,8.0,solutions-explorer/garden-gourmet?queryID=fc364a943aeb94fa360078e1d65f3329
20.0,9.0,solutions-explorer/ipcube?queryID=fc364a943aeb94fa360078e1d65f3329
20.0,10.0,solutions-explorer/ifarm-technology?queryID=fc364a943aeb94fa360078e1d65f3329
20.0,11.0,solutions-explorer/wasteless?queryID=fc364a943aeb94fa360078e1d65f3329
20.0,12.0,solutions-explorer/r-booster?queryID=fc364a943aeb94fa360078e1d65f3329
20.0,13.0,solutions-explorer/sop-star-cow?queryID=fc364a943aeb94fa360078e1d65f3329
20.0,14.0,solutions-explorer/ecoplanet-susteno?queryID=fc364a943aeb94fa360078e1d65f3329
20.0,15.0,solutions-explorer/fish-friendly-free-flow-turbine?queryID=fc364a943aeb94fa360078e1d65f3329
20.0,16.0,solutions-explorer/kraeken?queryID=fc364a943aeb94fa360078e1d65f3329
20.0,17.0,solutions-explorer/holcim-maestro?queryID=fc364a943aeb94fa360078e1d65f3329
20.0,18.0,solutions-explorer/neostep?queryID=fc364a943aeb94fa360078e1d65f3329
20.0,19.0,solutions-explorer/rockease-platform?queryID=fc364a943aeb94fa360078e1d65f3329
20.0,20.0,solutions-explorer/power-to-protein-1?queryID=fc364a943aeb94fa360078e1d65f3329
20.0,21.0,solutions-explorer/low-cost-recycled-carbon-fiber?queryID=fc364a943aeb94fa360078e1d65f3329
20.0,22.0,solutions-explorer/funger?queryID=fc364a943aeb94fa360078e1d65f3329
20.0,23.0,solutions-explorer/tapio?queryID=fc364a943aeb94fa360078e1d65f3329
20.0,24.0,solutions-explorer/smo-solar-process?queryID=fc364a943aeb94fa360078e1d65f3329
21.0,1.0,solutions-explorer/repair-system-for-reusable-plastics?queryID=f2f9990ae018761d630c8046573f0b8c
21.0,2.0,solutions-explorer/fish-friendly-archimedean-screw-pump?queryID=f2f9990ae018761d630c8046573f0b8c
21.0,3.0,solutions-explorer/sea-water-air-conditioning-swac-1?queryID=f2f9990ae018761d630c8046573f0b8c
21.0,4.0,solutions-explorer/sprhout?queryID=f2f9990ae018761d630c8046573f0b8c
21.0,5.0,solutions-explorer/hycco-s-bipolar-plates?queryID=f2f9990ae018761d630c8046573f0b8c
21.0,6.0,solutions-explorer/shuttle-planet?queryID=f2f9990ae018761d630c8046573f0b8c
21.0,7.0,solutions-explorer/pika?queryID=f2f9990ae018761d630c8046573f0b8c
21.0,8.0,solutions-explorer/cobratex-composite-bamboo-material?queryID=f2f9990ae018761d630c8046573f0b8c
21.0,9.0,solutions-explorer/geneseas?queryID=f2f9990ae018761d630c8046573f0b8c
21.0,10.0,solutions-explorer/mangrove-technology-platform?queryID=f2f9990ae018761d630c8046573f0b8c
21.0,11.0,solutions-explorer/orisa-water-filter?queryID=f2f9990ae018761d630c8046573f0b8c
21.0,12.0,solutions-explorer/reflaunt?queryID=f2f9990ae018761d630c8046573f0b8c
21.0,13.0,solutions-explorer/blue?queryID=f2f9990ae018761d630c8046573f0b8c
21.0,14.0,solutions-explorer/thermedia-0-45?queryID=f2f9990ae018761d630c8046573f0b8c
21.0,15.0,solutions-explorer/windowskin?queryID=f2f9990ae018761d630c8046573f0b8c
21.0,16.0,solutions-explorer/usedem?queryID=f2f9990ae018761d630c8046573f0b8c
21.0,17.0,solutions-explorer/klima-pur?queryID=f2f9990ae018761d630c8046573f0b8c
21.0,18.0,solutions-explorer/h-r-a-heat-recovery-area-technology?queryID=f2f9990ae018761d630c8046573f0b8c
21.0,19.0,solutions-explorer/dryad-silvanet?queryID=f2f9990ae018761d630c8046573f0b8c
21.0,20.0,solutions-explorer/ecoplanet?queryID=f2f9990ae018761d630c8046573f0b8c
21.0,21.0,solutions-explorer/ecoboard-made-from-coconut-waste?queryID=f2f9990ae018761d630c8046573f0b8c
21.0,22.0,solutions-explorer/tps-process?queryID=f2f9990ae018761d630c8046573f0b8c
21.0,23.0,solutions-explorer/safewaterafrica?queryID=f2f9990ae018761d630c8046573f0b8c
21.0,24.0,solutions-explorer/smartline?queryID=f2f9990ae018761d630c8046573f0b8c
22.0,1.0,solutions-explorer/terviva-s-pongamia-protein-oil?queryID=57a6bdcb57884777e5d69e53bb2ca19b
22.0,2.0,solutions-explorer/hydraulic-head-pump?queryID=57a6bdcb57884777e5d69e53bb2ca19b
22.0,3.0,solutions-explorer/fouling-cleaning-ultrasound-technology?queryID=57a6bdcb57884777e5d69e53bb2ca19b
22.0,4.0,solutions-explorer/park-play?queryID=57a6bdcb57884777e5d69e53bb2ca19b
22.0,5.0,solutions-explorer/mosan-the-circular-sanitation-solution?queryID=57a6bdcb57884777e5d69e53bb2ca19b
22.0,6.0,solutions-explorer/the-planet-plug?queryID=57a6bdcb57884777e5d69e53bb2ca19b
22.0,7.0,solutions-explorer/transportation-management?queryID=57a6bdcb57884777e5d69e53bb2ca19b
22.0,8.0,solutions-explorer/diro?queryID=57a6bdcb57884777e5d69e53bb2ca19b
22.0,9.0,solutions-explorer/hydrone?queryID=57a6bdcb57884777e5d69e53bb2ca19b
22.0,10.0,solutions-explorer/local3?queryID=57a6bdcb57884777e5d69e53bb2ca19b
22.0,11.0,solutions-explorer/cmf-drive?queryID=57a6bdcb57884777e5d69e53bb2ca19b
22.0,12.0,solutions-explorer/denali-direct-lithium-extraction?queryID=57a6bdcb57884777e5d69e53bb2ca19b
22.0,13.0,solutions-explorer/global-database-of-coastal-plastic-waste?queryID=57a6bdcb57884777e5d69e53bb2ca19b
22.0,14.0,solutions-explorer/high-efficiency-atmospheric-water-generators?queryID=57a6bdcb57884777e5d69e53bb2ca19b
22.0,15.0,solutions-explorer/cool-box?queryID=57a6bdcb57884777e5d69e53bb2ca19b
22.0,16.0,solutions-explorer/bluecal?queryID=57a6bdcb57884777e5d69e53bb2ca19b
22.0,17.0,solutions-explorer/gencell-a5-off-grid-energy-solution?queryID=57a6bdcb57884777e5d69e53bb2ca19b
22.0,18.0,solutions-explorer/bio-active-concrete-solutions?queryID=57a6bdcb57884777e5d69e53bb2ca19b
22.0,19.0,solutions-explorer/aggneo?queryID=57a6bdcb57884777e5d69e53bb2ca19b
22.0,20.0,solutions-explorer/brainbox-ai?queryID=57a6bdcb57884777e5d69e53bb2ca19b
22.0,21.0,solutions-explorer/iot-enabled-modular-pallets?queryID=57a6bdcb57884777e5d69e53bb2ca19b
22.0,22.0,solutions-explorer/saltx-enerstore?queryID=57a6bdcb57884777e5d69e53bb2ca19b
22.0,23.0,solutions-explorer/q-series-for-clean-air?queryID=57a6bdcb57884777e5d69e53bb2ca19b
22.0,24.0,solutions-explorer/eco-loop-showers?queryID=57a6bdcb57884777e5d69e53bb2ca19b
23.0,1.0,solutions-explorer/seamonitor?queryID=e3d0a9013b0796a2f0996318d4335c81
23.0,2.0,solutions-explorer/conversion-kit?queryID=e3d0a9013b0796a2f0996318d4335c81
23.0,3.0,solutions-explorer/liquids-bulk-expert?queryID=e3d0a9013b0796a2f0996318d4335c81
23.0,4.0,solutions-explorer/deinking?queryID=e3d0a9013b0796a2f0996318d4335c81
23.0,5.0,solutions-explorer/oceo-water?queryID=e3d0a9013b0796a2f0996318d4335c81
23.0,6.0,solutions-explorer/clorador-adec?queryID=e3d0a9013b0796a2f0996318d4335c81
23.0,7.0,solutions-explorer/dynamic-cooling-management-system?queryID=e3d0a9013b0796a2f0996318d4335c81
23.0,8.0,solutions-explorer/clean-sustainable-cities?queryID=e3d0a9013b0796a2f0996318d4335c81
23.0,9.0,solutions-explorer/caleosol-eco?queryID=e3d0a9013b0796a2f0996318d4335c81
23.0,10.0,solutions-explorer/cavity-tray?queryID=e3d0a9013b0796a2f0996318d4335c81
23.0,11.0,solutions-explorer/daanaa-wptic?queryID=e3d0a9013b0796a2f0996318d4335c81
23.0,12.0,solutions-explorer/water-powered-piston-technology?queryID=e3d0a9013b0796a2f0996318d4335c81
23.0,13.0,solutions-explorer/biohut?queryID=e3d0a9013b0796a2f0996318d4335c81
23.0,14.0,solutions-explorer/wind-tulips?queryID=e3d0a9013b0796a2f0996318d4335c81
23.0,15.0,solutions-explorer/aquaclim?queryID=e3d0a9013b0796a2f0996318d4335c81
23.0,16.0,solutions-explorer/energy-save?queryID=e3d0a9013b0796a2f0996318d4335c81
23.0,17.0,solutions-explorer/wase-biocentre?queryID=e3d0a9013b0796a2f0996318d4335c81
23.0,18.0,solutions-explorer/maxeff-induction-motor-generator?queryID=e3d0a9013b0796a2f0996318d4335c81
23.0,19.0,solutions-explorer/panepowersw?queryID=e3d0a9013b0796a2f0996318d4335c81
23.0,20.0,solutions-explorer/arqlite-smart-gravel?queryID=e3d0a9013b0796a2f0996318d4335c81
23.0,21.0,solutions-explorer/virtuo-optiscale?queryID=e3d0a9013b0796a2f0996318d4335c81
23.0,22.0,solutions-explorer/darwin?queryID=e3d0a9013b0796a2f0996318d4335c81
23.0,23.0,solutions-explorer/sb4-phoenix-solar-drone?queryID=e3d0a9013b0796a2f0996318d4335c81
23.0,24.0,solutions-explorer/improved-cookstove-technology?queryID=e3d0a9013b0796a2f0996318d4335c81
24.0,1.0,solutions-explorer/straight-from-the-farm?queryID=e4c676a0a39557badb50c6c37e74c652
24.0,2.0,solutions-explorer/the-terrapod?queryID=e4c676a0a39557badb50c6c37e74c652
24.0,3.0,solutions-explorer/hydrologis?queryID=e4c676a0a39557badb50c6c37e74c652
24.0,4.0,solutions-explorer/amelios-suite?queryID=e4c676a0a39557badb50c6c37e74c652
24.0,5.0,solutions-explorer/ecofixe?queryID=e4c676a0a39557badb50c6c37e74c652
24.0,6.0,solutions-explorer/vibration-energy-harvesting-power-pod?queryID=e4c676a0a39557badb50c6c37e74c652
24.0,7.0,solutions-explorer/archimedes-screw-turbine?queryID=e4c676a0a39557badb50c6c37e74c652
24.0,8.0,solutions-explorer/airium?queryID=e4c676a0a39557badb50c6c37e74c652
24.0,9.0,solutions-explorer/oris?queryID=e4c676a0a39557badb50c6c37e74c652
24.0,10.0,solutions-explorer/kikleo-food-waste-management?queryID=e4c676a0a39557badb50c6c37e74c652
24.0,11.0,solutions-explorer/infrastructure-impact-fund?queryID=e4c676a0a39557badb50c6c37e74c652
24.0,12.0,solutions-explorer/ductal?queryID=e4c676a0a39557badb50c6c37e74c652
24.0,13.0,solutions-explorer/3d-printing-construction?queryID=e4c676a0a39557badb50c6c37e74c652
24.0,14.0,solutions-explorer/ecopact-green-concrete?queryID=e4c676a0a39557badb50c6c37e74c652
24.0,15.0,solutions-explorer/lf20-linear-fresnel-solar-collector?queryID=e4c676a0a39557badb50c6c37e74c652
24.0,16.0,solutions-explorer/ox100?queryID=e4c676a0a39557badb50c6c37e74c652
24.0,17.0,solutions-explorer/solar-dc-inverterless-controller?queryID=e4c676a0a39557badb50c6c37e74c652
24.0,18.0,solutions-explorer/pandobac?queryID=e4c676a0a39557badb50c6c37e74c652
24.0,19.0,solutions-explorer/re-create?queryID=e4c676a0a39557badb50c6c37e74c652
24.0,20.0,solutions-explorer/collectix?queryID=e4c676a0a39557badb50c6c37e74c652
24.0,21.0,solutions-explorer/dea-water-saving-device?queryID=e4c676a0a39557badb50c6c37e74c652
24.0,22.0,solutions-explorer/durabric?queryID=e4c676a0a39557badb50c6c37e74c652
24.0,23.0,solutions-explorer/terraflow?queryID=e4c676a0a39557badb50c6c37e74c652
24.0,24.0,solutions-explorer/tyreflow-recycling-process?queryID=e4c676a0a39557badb50c6c37e74c652
25.0,1.0,solutions-explorer/combined-steam-drying-and-pyrolysis-unit?queryID=5071dd2d123e21c35252cdf9db11295a
25.0,2.0,solutions-explorer/numa-water?queryID=5071dd2d123e21c35252cdf9db11295a
25.0,3.0,solutions-explorer/fluidised-bed-combustion-system?queryID=5071dd2d123e21c35252cdf9db11295a
25.0,4.0,solutions-explorer/dateg-centrateg?queryID=5071dd2d123e21c35252cdf9db11295a
25.0,5.0,solutions-explorer/smart-rainfall-system?queryID=5071dd2d123e21c35252cdf9db11295a
25.0,6.0,solutions-explorer/sensoneo-smart-waste-management?queryID=5071dd2d123e21c35252cdf9db11295a
25.0,7.0,solutions-explorer/bionutriproteccion-system?queryID=5071dd2d123e21c35252cdf9db11295a
25.0,8.0,solutions-explorer/micro-nano-bubble-flotation-mnbf?queryID=5071dd2d123e21c35252cdf9db11295a
25.0,9.0,solutions-explorer/okahina-wave?queryID=5071dd2d123e21c35252cdf9db11295a
25.0,10.0,solutions-explorer/envirocrete-bioclimatic-houses-building?queryID=5071dd2d123e21c35252cdf9db11295a
25.0,11.0,solutions-explorer/matheus?queryID=5071dd2d123e21c35252cdf9db11295a
25.0,12.0,solutions-explorer/bioenzymatic-fuel-cell?queryID=5071dd2d123e21c35252cdf9db11295a
25.0,13.0,solutions-explorer/insens?queryID=5071dd2d123e21c35252cdf9db11295a
25.0,14.0,solutions-explorer/electro-contaminant-removal-ecr-system?queryID=5071dd2d123e21c35252cdf9db11295a
25.0,15.0,solutions-explorer/shaas?queryID=5071dd2d123e21c35252cdf9db11295a
25.0,16.0,solutions-explorer/daba-go?queryID=5071dd2d123e21c35252cdf9db11295a
25.0,17.0,solutions-explorer/hive-optimal?queryID=5071dd2d123e21c35252cdf9db11295a
25.0,18.0,solutions-explorer/chrorepro-chromium-recovery-process?queryID=5071dd2d123e21c35252cdf9db11295a
25.0,19.0,solutions-explorer/greenline-printing-solution?queryID=5071dd2d123e21c35252cdf9db11295a
25.0,20.0,solutions-explorer/vestack-modules?queryID=5071dd2d123e21c35252cdf9db11295a
25.0,21.0,solutions-explorer/cavitech?queryID=5071dd2d123e21c35252cdf9db11295a
25.0,22.0,solutions-explorer/chrysalis-40?queryID=5071dd2d123e21c35252cdf9db11295a
25.0,23.0,solutions-explorer/geocassini?queryID=5071dd2d123e21c35252cdf9db11295a
25.0,24.0,solutions-explorer/seaweed-farmer-1-0?queryID=5071dd2d123e21c35252cdf9db11295a
26.0,1.0,solutions-explorer/energy-saving-immersion-cooling-solution?queryID=795c3d8973624a3f7566c9ecdd7110ce
26.0,2.0,solutions-explorer/smappee-infinity?queryID=795c3d8973624a3f7566c9ecdd7110ce
26.0,3.0,solutions-explorer/co2-recycling-technology?queryID=795c3d8973624a3f7566c9ecdd7110ce
26.0,4.0,solutions-explorer/thermal-storage-tank-tst?queryID=795c3d8973624a3f7566c9ecdd7110ce
26.0,5.0,solutions-explorer/loop-heat-pipe-lhp?queryID=795c3d8973624a3f7566c9ecdd7110ce
26.0,6.0,solutions-explorer/supercritical-co2-cleaning-system?queryID=795c3d8973624a3f7566c9ecdd7110ce
26.0,7.0,solutions-explorer/wsm2-liquid-applied-vapor-air-barrier?queryID=795c3d8973624a3f7566c9ecdd7110ce
26.0,8.0,solutions-explorer/go-green-eco-bin?queryID=795c3d8973624a3f7566c9ecdd7110ce
26.0,9.0,solutions-explorer/effiwatt-hair-dryers?queryID=795c3d8973624a3f7566c9ecdd7110ce
26.0,10.0,solutions-explorer/hivex?queryID=795c3d8973624a3f7566c9ecdd7110ce
26.0,11.0,solutions-explorer/3d-printed-polishing-burner?queryID=795c3d8973624a3f7566c9ecdd7110ce
26.0,12.0,solutions-explorer/oxystrong-15-for-reuse-in-irrigation-of-disinfected-wastewaters?queryID=795c3d8973624a3f7566c9ecdd7110ce
26.0,13.0,solutions-explorer/blixt-solid-state-circuit-breaker?queryID=795c3d8973624a3f7566c9ecdd7110ce
26.0,14.0,solutions-explorer/water-mineralization-technology?queryID=795c3d8973624a3f7566c9ecdd7110ce
26.0,15.0,solutions-explorer/anaerobic-bio-digester-to-proceed-organic-waste?queryID=795c3d8973624a3f7566c9ecdd7110ce
26.0,16.0,solutions-explorer/ecosteryl?queryID=795c3d8973624a3f7566c9ecdd7110ce
26.0,17.0,solutions-explorer/water-pigeon?queryID=795c3d8973624a3f7566c9ecdd7110ce
26.0,18.0,solutions-explorer/obloc-1?queryID=795c3d8973624a3f7566c9ecdd7110ce
26.0,19.0,solutions-explorer/pearlaqua-deca?queryID=795c3d8973624a3f7566c9ecdd7110ce
26.0,20.0,solutions-explorer/smart-lock-dock?queryID=795c3d8973624a3f7566c9ecdd7110ce
26.0,21.0,solutions-explorer/witt-energy-harvesting?queryID=795c3d8973624a3f7566c9ecdd7110ce
26.0,22.0,solutions-explorer/micro-auto-gasification-system-mags?queryID=795c3d8973624a3f7566c9ecdd7110ce
26.0,23.0,solutions-explorer/recyclico?queryID=795c3d8973624a3f7566c9ecdd7110ce
26.0,24.0,solutions-explorer/bion-biological-methanation?queryID=795c3d8973624a3f7566c9ecdd7110ce
27.0,1.0,solutions-explorer/barsha-pump?queryID=2a113ed2a516f355e41ff586f1713b81
27.0,2.0,solutions-explorer/via-marina?queryID=2a113ed2a516f355e41ff586f1713b81
27.0,3.0,solutions-explorer/plasmabit?queryID=2a113ed2a516f355e41ff586f1713b81
27.0,4.0,solutions-explorer/zevvy?queryID=2a113ed2a516f355e41ff586f1713b81
27.0,5.0,solutions-explorer/photonics-sensing-solution?queryID=2a113ed2a516f355e41ff586f1713b81
27.0,6.0,solutions-explorer/seafloatech-pod?queryID=2a113ed2a516f355e41ff586f1713b81
27.0,7.0,solutions-explorer/azelio-thermal-energy-storage?queryID=2a113ed2a516f355e41ff586f1713b81
27.0,8.0,solutions-explorer/toucan-solutions?queryID=2a113ed2a516f355e41ff586f1713b81
27.0,9.0,solutions-explorer/imeon-solar-hybrid-inverter-with-ai?queryID=2a113ed2a516f355e41ff586f1713b81
27.0,10.0,solutions-explorer/smart-solar-system-configurations?queryID=2a113ed2a516f355e41ff586f1713b81
27.0,11.0,solutions-explorer/vacuum-airlift?queryID=2a113ed2a516f355e41ff586f1713b81
27.0,12.0,solutions-explorer/clemap?queryID=2a113ed2a516f355e41ff586f1713b81
27.0,13.0,solutions-explorer/csmed?queryID=2a113ed2a516f355e41ff586f1713b81
27.0,14.0,solutions-explorer/saf?queryID=2a113ed2a516f355e41ff586f1713b81
27.0,15.0,solutions-explorer/co2-for-cooling-water?queryID=2a113ed2a516f355e41ff586f1713b81
27.0,16.0,solutions-explorer/heliorec-floating-solar-power-plant?queryID=2a113ed2a516f355e41ff586f1713b81
27.0,17.0,solutions-explorer/natural-branding?queryID=2a113ed2a516f355e41ff586f1713b81
27.0,18.0,solutions-explorer/hydrogen-power-module?queryID=2a113ed2a516f355e41ff586f1713b81
27.0,19.0,solutions-explorer/ecco2-cumulus-cloud?queryID=2a113ed2a516f355e41ff586f1713b81
27.0,20.0,solutions-explorer/grino-water-solutions-gmbh?queryID=2a113ed2a516f355e41ff586f1713b81
27.0,21.0,solutions-explorer/landscape-builder?queryID=2a113ed2a516f355e41ff586f1713b81
27.0,22.0,solutions-explorer/paille-tech-positive-house?queryID=2a113ed2a516f355e41ff586f1713b81
27.0,23.0,solutions-explorer/beer-grain-based-ingredients?queryID=2a113ed2a516f355e41ff586f1713b81
27.0,24.0,solutions-explorer/zeloop?queryID=2a113ed2a516f355e41ff586f1713b81
28.0,1.0,solutions-explorer/solar-intelligent-lighting-s-i-l?queryID=63e16f85b264cf4ad414486d824f53bd
28.0,2.0,solutions-explorer/enscribe-product-line?queryID=63e16f85b264cf4ad414486d824f53bd
28.0,3.0,solutions-explorer/wall-e?queryID=63e16f85b264cf4ad414486d824f53bd
28.0,4.0,solutions-explorer/product-sustainability-footprint?queryID=63e16f85b264cf4ad414486d824f53bd
28.0,5.0,solutions-explorer/polyter-gr?queryID=63e16f85b264cf4ad414486d824f53bd
28.0,6.0,solutions-explorer/wasser-3-0-pe-x?queryID=63e16f85b264cf4ad414486d824f53bd
28.0,7.0,solutions-explorer/h2ope-river-whale-waste-collector?queryID=63e16f85b264cf4ad414486d824f53bd
28.0,8.0,solutions-explorer/ch4pa?queryID=63e16f85b264cf4ad414486d824f53bd
28.0,9.0,solutions-explorer/food-container-ilb?queryID=63e16f85b264cf4ad414486d824f53bd
28.0,10.0,solutions-explorer/blubalance?queryID=63e16f85b264cf4ad414486d824f53bd
28.0,11.0,solutions-explorer/ultracapacitors-silicon-li-ion-anodes?queryID=63e16f85b264cf4ad414486d824f53bd
28.0,12.0,solutions-explorer/lumi?queryID=63e16f85b264cf4ad414486d824f53bd
28.0,13.0,solutions-explorer/sunlight-pump?queryID=63e16f85b264cf4ad414486d824f53bd
28.0,14.0,solutions-explorer/video-laser-scan?queryID=63e16f85b264cf4ad414486d824f53bd
28.0,15.0,solutions-explorer/intelipipes?queryID=63e16f85b264cf4ad414486d824f53bd
28.0,16.0,solutions-explorer/ccell-renewables?queryID=63e16f85b264cf4ad414486d824f53bd
28.0,17.0,solutions-explorer/juunoo-interior-walls?queryID=63e16f85b264cf4ad414486d824f53bd
28.0,18.0,solutions-explorer/solvaclean?queryID=63e16f85b264cf4ad414486d824f53bd
28.0,19.0,solutions-explorer/fallow-weed-detection?queryID=63e16f85b264cf4ad414486d824f53bd
28.0,20.0,solutions-explorer/mycotex?queryID=63e16f85b264cf4ad414486d824f53bd
28.0,21.0,solutions-explorer/maternity-baby-clothing-rental?queryID=63e16f85b264cf4ad414486d824f53bd
28.0,22.0,solutions-explorer/passive-shower-ecotray?queryID=63e16f85b264cf4ad414486d824f53bd
28.0,23.0,solutions-explorer/goodbag?queryID=63e16f85b264cf4ad414486d824f53bd
28.0,24.0,solutions-explorer/jf-pyrolysis-products-from-waste-system?queryID=63e16f85b264cf4ad414486d824f53bd
29.0,1.0,solutions-explorer/geoterre-geothermic-wall?queryID=d53db425f37d2786b2032b11e6a9d7e5
29.0,2.0,solutions-explorer/gfk4new?queryID=d53db425f37d2786b2032b11e6a9d7e5
29.0,3.0,solutions-explorer/hp2-steam-generation?queryID=d53db425f37d2786b2032b11e6a9d7e5
29.0,4.0,solutions-explorer/hydroflow-water-conditioners?queryID=d53db425f37d2786b2032b11e6a9d7e5
29.0,5.0,solutions-explorer/bioalert-lp15?queryID=d53db425f37d2786b2032b11e6a9d7e5
29.0,6.0,solutions-explorer/enertwin?queryID=d53db425f37d2786b2032b11e6a9d7e5
29.0,7.0,solutions-explorer/hybrid-solar-system?queryID=d53db425f37d2786b2032b11e6a9d7e5
29.0,8.0,solutions-explorer/nethire?queryID=d53db425f37d2786b2032b11e6a9d7e5
29.0,9.0,solutions-explorer/hpgen?queryID=d53db425f37d2786b2032b11e6a9d7e5
29.0,10.0,solutions-explorer/efficiency-pack?queryID=d53db425f37d2786b2032b11e6a9d7e5
29.0,11.0,solutions-explorer/zero?queryID=d53db425f37d2786b2032b11e6a9d7e5
29.0,12.0,solutions-explorer/sustainable-grain-supply-chain?queryID=d53db425f37d2786b2032b11e6a9d7e5
29.0,13.0,solutions-explorer/elonroad?queryID=d53db425f37d2786b2032b11e6a9d7e5
29.0,14.0,solutions-explorer/carbonbase?queryID=d53db425f37d2786b2032b11e6a9d7e5
29.0,15.0,solutions-explorer/bactosense?queryID=d53db425f37d2786b2032b11e6a9d7e5
29.0,16.0,solutions-explorer/hortau-complete-service?queryID=d53db425f37d2786b2032b11e6a9d7e5
29.0,17.0,solutions-explorer/bio-sourced-vertical-axis-wind-turbine?queryID=d53db425f37d2786b2032b11e6a9d7e5
29.0,18.0,solutions-explorer/ecojoko?queryID=d53db425f37d2786b2032b11e6a9d7e5
29.0,19.0,solutions-explorer/evanesto?queryID=d53db425f37d2786b2032b11e6a9d7e5
29.0,20.0,solutions-explorer/pumpilo?queryID=d53db425f37d2786b2032b11e6a9d7e5
29.0,21.0,solutions-explorer/pump-drink?queryID=d53db425f37d2786b2032b11e6a9d7e5
29.0,22.0,solutions-explorer/clarus-fusion?queryID=d53db425f37d2786b2032b11e6a9d7e5
29.0,23.0,solutions-explorer/smart-e-filter?queryID=d53db425f37d2786b2032b11e6a9d7e5
29.0,24.0,solutions-explorer/nanofilter?queryID=d53db425f37d2786b2032b11e6a9d7e5
30.0,1.0,solutions-explorer/autonom-power-solutions?queryID=817d569b8438b5daac6f6454fe442f01
30.0,2.0,solutions-explorer/eevie?queryID=817d569b8438b5daac6f6454fe442f01
30.0,3.0,solutions-explorer/suburvan?queryID=817d569b8438b5daac6f6454fe442f01
30.0,4.0,solutions-explorer/algica?queryID=817d569b8438b5daac6f6454fe442f01
30.0,5.0,solutions-explorer/tysilio-solar-container?queryID=817d569b8438b5daac6f6454fe442f01
30.0,6.0,solutions-explorer/gigrow?queryID=817d569b8438b5daac6f6454fe442f01
30.0,7.0,solutions-explorer/phenix-app?queryID=817d569b8438b5daac6f6454fe442f01
30.0,8.0,solutions-explorer/arc-solar-box?queryID=817d569b8438b5daac6f6454fe442f01
30.0,9.0,solutions-explorer/farnovo?queryID=817d569b8438b5daac6f6454fe442f01
30.0,10.0,solutions-explorer/powerfin?queryID=817d569b8438b5daac6f6454fe442f01
30.0,11.0,solutions-explorer/thermoflex?queryID=817d569b8438b5daac6f6454fe442f01
30.0,12.0,solutions-explorer/keiryo-pet-solution?queryID=817d569b8438b5daac6f6454fe442f01
30.0,13.0,solutions-explorer/changers-co2-fit?queryID=817d569b8438b5daac6f6454fe442f01
30.0,14.0,solutions-explorer/helios-uv-stimulation?queryID=817d569b8438b5daac6f6454fe442f01
30.0,15.0,solutions-explorer/clearford-one?queryID=817d569b8438b5daac6f6454fe442f01
30.0,16.0,solutions-explorer/refuel-the-future?queryID=817d569b8438b5daac6f6454fe442f01
30.0,17.0,solutions-explorer/next-modular-electric-vehicles?queryID=817d569b8438b5daac6f6454fe442f01
30.0,18.0,solutions-explorer/refill-point?queryID=817d569b8438b5daac6f6454fe442f01
30.0,19.0,solutions-explorer/modules-ev?queryID=817d569b8438b5daac6f6454fe442f01
30.0,20.0,solutions-explorer/p2r-process?queryID=817d569b8438b5daac6f6454fe442f01
30.0,21.0,solutions-explorer/ecocore?queryID=817d569b8438b5daac6f6454fe442f01
30.0,22.0,solutions-explorer/capsolar-module?queryID=817d569b8438b5daac6f6454fe442f01
30.0,23.0,solutions-explorer/utilit-e?queryID=817d569b8438b5daac6f6454fe442f01
30.0,24.0,solutions-explorer/heattank?queryID=817d569b8438b5daac6f6454fe442f01
31.0,1.0,solutions-explorer/joulia-twinline?queryID=2838b871b27684983f158b81d5d40418
31.0,2.0,solutions-explorer/odylife?queryID=2838b871b27684983f158b81d5d40418
31.0,3.0,solutions-explorer/micro-hydro-turbine?queryID=2838b871b27684983f158b81d5d40418
31.0,4.0,solutions-explorer/energy-trading-traceability-platform?queryID=2838b871b27684983f158b81d5d40418
31.0,5.0,solutions-explorer/box-meteoptim?queryID=2838b871b27684983f158b81d5d40418
31.0,6.0,solutions-explorer/decontactor?queryID=2838b871b27684983f158b81d5d40418
31.0,7.0,solutions-explorer/plug-play-rollable-solar-panel?queryID=2838b871b27684983f158b81d5d40418
31.0,8.0,solutions-explorer/be-greener?queryID=2838b871b27684983f158b81d5d40418
31.0,9.0,solutions-explorer/syslor-applications?queryID=2838b871b27684983f158b81d5d40418
31.0,10.0,solutions-explorer/iqspot-solution?queryID=2838b871b27684983f158b81d5d40418
31.0,11.0,solutions-explorer/clean-burning-biomass-electric-cookstoves?queryID=2838b871b27684983f158b81d5d40418
31.0,12.0,solutions-explorer/commown?queryID=2838b871b27684983f158b81d5d40418
31.0,13.0,solutions-explorer/noblegen-protein?queryID=2838b871b27684983f158b81d5d40418
31.0,14.0,solutions-explorer/zerho-waterless-toilet?queryID=2838b871b27684983f158b81d5d40418
31.0,15.0,solutions-explorer/tiko?queryID=2838b871b27684983f158b81d5d40418
31.0,16.0,solutions-explorer/geolife-programs-for-chemical-free-agriculture?queryID=2838b871b27684983f158b81d5d40418
31.0,17.0,solutions-explorer/smartems?queryID=2838b871b27684983f158b81d5d40418
31.0,18.0,solutions-explorer/commuter-score-and-commute-management-platform?queryID=2838b871b27684983f158b81d5d40418
31.0,19.0,solutions-explorer/data-to-electron?queryID=2838b871b27684983f158b81d5d40418
31.0,20.0,solutions-explorer/concentrated-solar-thermal-solution?queryID=2838b871b27684983f158b81d5d40418
31.0,21.0,solutions-explorer/apt-hp-high-power-plasma-torch?queryID=2838b871b27684983f158b81d5d40418
31.0,22.0,solutions-explorer/boxilumix?queryID=2838b871b27684983f158b81d5d40418
31.0,23.0,solutions-explorer/soilprep2020?queryID=2838b871b27684983f158b81d5d40418
31.0,24.0,solutions-explorer/ecotiles?queryID=2838b871b27684983f158b81d5d40418
32.0,1.0,solutions-explorer/vuf-bikes?queryID=3accc9f02179aead3abd4a546c32e8d1
32.0,2.0,solutions-explorer/solar-hybrid-street-light?queryID=3accc9f02179aead3abd4a546c32e8d1
32.0,3.0,solutions-explorer/shoc-technology-recycling?queryID=3accc9f02179aead3abd4a546c32e8d1
32.0,4.0,solutions-explorer/methavos?queryID=3accc9f02179aead3abd4a546c32e8d1
32.0,5.0,solutions-explorer/reusable-paper-system?queryID=3accc9f02179aead3abd4a546c32e8d1
32.0,6.0,solutions-explorer/repairable-electronic-boards?queryID=3accc9f02179aead3abd4a546c32e8d1
32.0,7.0,solutions-explorer/white-hydrogen?queryID=3accc9f02179aead3abd4a546c32e8d1
32.0,8.0,solutions-explorer/sharo-smart-commute?queryID=3accc9f02179aead3abd4a546c32e8d1
32.0,9.0,solutions-explorer/snugr?queryID=3accc9f02179aead3abd4a546c32e8d1
32.0,10.0,solutions-explorer/skypull-airborne-wind-energy?queryID=3accc9f02179aead3abd4a546c32e8d1
32.0,11.0,solutions-explorer/re-pet-into-apparel?queryID=3accc9f02179aead3abd4a546c32e8d1
32.0,12.0,solutions-explorer/ev-1-electric-motorcycle?queryID=3accc9f02179aead3abd4a546c32e8d1
32.0,13.0,solutions-explorer/star?queryID=3accc9f02179aead3abd4a546c32e8d1
32.0,14.0,solutions-explorer/solar-powered-carport-mobility-hubs?queryID=3accc9f02179aead3abd4a546c32e8d1
32.0,15.0,solutions-explorer/ev-for-all?queryID=3accc9f02179aead3abd4a546c32e8d1
32.0,16.0,solutions-explorer/unicollecte?queryID=3accc9f02179aead3abd4a546c32e8d1
32.0,17.0,solutions-explorer/the-monolith-system?queryID=3accc9f02179aead3abd4a546c32e8d1
32.0,18.0,solutions-explorer/objectbox?queryID=3accc9f02179aead3abd4a546c32e8d1
32.0,19.0,solutions-explorer/geomega-solution?queryID=3accc9f02179aead3abd4a546c32e8d1
32.0,20.0,solutions-explorer/lynx?queryID=3accc9f02179aead3abd4a546c32e8d1
32.0,21.0,solutions-explorer/waterless-urinal?queryID=3accc9f02179aead3abd4a546c32e8d1
32.0,22.0,solutions-explorer/pressure-focusing-layer-pfl-process?queryID=3accc9f02179aead3abd4a546c32e8d1
32.0,23.0,solutions-explorer/solar-e-light?queryID=3accc9f02179aead3abd4a546c32e8d1
32.0,24.0,solutions-explorer/mre-hydrogen-generators?queryID=3accc9f02179aead3abd4a546c32e8d1
33.0,1.0,solutions-explorer/petrolsynth?queryID=72725b13e2691a408c123bddee5fc397
33.0,2.0,solutions-explorer/algamoil-pro?queryID=72725b13e2691a408c123bddee5fc397
33.0,3.0,solutions-explorer/ibarriertm-anti-corrosion-coating?queryID=72725b13e2691a408c123bddee5fc397
33.0,4.0,solutions-explorer/plant-based-eosix-surfactant?queryID=72725b13e2691a408c123bddee5fc397
33.0,5.0,solutions-explorer/solarleaf-energy-storage?queryID=72725b13e2691a408c123bddee5fc397
33.0,6.0,solutions-explorer/eco-friendly-plastic-glasses?queryID=72725b13e2691a408c123bddee5fc397
33.0,7.0,solutions-explorer/containwatt?queryID=72725b13e2691a408c123bddee5fc397
33.0,8.0,solutions-explorer/haliade-x-wind-turbine?queryID=72725b13e2691a408c123bddee5fc397
33.0,9.0,solutions-explorer/climy?queryID=72725b13e2691a408c123bddee5fc397
33.0,10.0,solutions-explorer/ocean-bottle?queryID=72725b13e2691a408c123bddee5fc397
33.0,11.0,solutions-explorer/aquilon-co2-crac-unit?queryID=72725b13e2691a408c123bddee5fc397
33.0,12.0,solutions-explorer/ev-cloud?queryID=72725b13e2691a408c123bddee5fc397
33.0,13.0,solutions-explorer/uzaje?queryID=72725b13e2691a408c123bddee5fc397
33.0,14.0,solutions-explorer/amp-up-100?queryID=72725b13e2691a408c123bddee5fc397
33.0,15.0,solutions-explorer/sop-lagoon?queryID=72725b13e2691a408c123bddee5fc397
33.0,16.0,solutions-explorer/voltcontrol-stabilizers?queryID=72725b13e2691a408c123bddee5fc397
33.0,17.0,solutions-explorer/otdc-switch-disconnector?queryID=72725b13e2691a408c123bddee5fc397
33.0,18.0,solutions-explorer/data-xplorer?queryID=72725b13e2691a408c123bddee5fc397
33.0,19.0,solutions-explorer/excess-materials-exchange-eme?queryID=72725b13e2691a408c123bddee5fc397
33.0,20.0,solutions-explorer/speed-o-clar?queryID=72725b13e2691a408c123bddee5fc397
33.0,21.0,solutions-explorer/ctsuite?queryID=72725b13e2691a408c123bddee5fc397
33.0,22.0,solutions-explorer/jellyfishbot?queryID=72725b13e2691a408c123bddee5fc397
33.0,23.0,solutions-explorer/ezpuro?queryID=72725b13e2691a408c123bddee5fc397
33.0,24.0,solutions-explorer/sludge-drying-beds?queryID=72725b13e2691a408c123bddee5fc397
34.0,1.0,solutions-explorer/mobile-construction-kit?queryID=e7c250c45531f62137b199eff3924978
34.0,2.0,solutions-explorer/awa-the-smartphone-of-solar-energy?queryID=e7c250c45531f62137b199eff3924978
34.0,3.0,solutions-explorer/kora-sustainability?queryID=e7c250c45531f62137b199eff3924978
34.0,4.0,solutions-explorer/sphyrnaalv-constellation?queryID=e7c250c45531f62137b199eff3924978
34.0,5.0,solutions-explorer/dresslife-personal-styling-ai?queryID=e7c250c45531f62137b199eff3924978
34.0,6.0,solutions-explorer/castalie?queryID=e7c250c45531f62137b199eff3924978
34.0,7.0,solutions-explorer/squair-timber?queryID=e7c250c45531f62137b199eff3924978
34.0,8.0,solutions-explorer/eon-internet-of-things-platform?queryID=e7c250c45531f62137b199eff3924978
34.0,9.0,solutions-explorer/viva-mfc?queryID=e7c250c45531f62137b199eff3924978
34.0,10.0,solutions-explorer/lumenaza?queryID=e7c250c45531f62137b199eff3924978
34.0,11.0,solutions-explorer/xfarm?queryID=e7c250c45531f62137b199eff3924978
34.0,12.0,solutions-explorer/altra-proven-water-technology?queryID=e7c250c45531f62137b199eff3924978
34.0,13.0,solutions-explorer/sharksafe-barrier?queryID=e7c250c45531f62137b199eff3924978
34.0,14.0,solutions-explorer/next-generation-vertical-farming?queryID=e7c250c45531f62137b199eff3924978
34.0,15.0,solutions-explorer/grengine?queryID=e7c250c45531f62137b199eff3924978
34.0,16.0,solutions-explorer/tiseat?queryID=e7c250c45531f62137b199eff3924978
34.0,17.0,solutions-explorer/pinovo-clean-circular-blasting?queryID=e7c250c45531f62137b199eff3924978
34.0,18.0,solutions-explorer/ecolibri?queryID=e7c250c45531f62137b199eff3924978
34.0,19.0,solutions-explorer/atmospheric-water-generation-technology?queryID=e7c250c45531f62137b199eff3924978
34.0,20.0,solutions-explorer/urban-conectum?queryID=e7c250c45531f62137b199eff3924978
34.0,21.0,solutions-explorer/the-fossilizator?queryID=e7c250c45531f62137b199eff3924978
34.0,22.0,solutions-explorer/ultrasonic-metal-3d-printer?queryID=e7c250c45531f62137b199eff3924978
34.0,23.0,solutions-explorer/coral-vita?queryID=e7c250c45531f62137b199eff3924978
34.0,24.0,solutions-explorer/tulip-water-filter?queryID=e7c250c45531f62137b199eff3924978
35.0,1.0,solutions-explorer/akuocoop?queryID=034f2ca4425f1943cbc9eac87df2b20a
35.0,2.0,solutions-explorer/pam?queryID=034f2ca4425f1943cbc9eac87df2b20a
35.0,3.0,solutions-explorer/nexgen-heating-film?queryID=034f2ca4425f1943cbc9eac87df2b20a
35.0,4.0,solutions-explorer/lithion-power-intelligent-energy-platform?queryID=034f2ca4425f1943cbc9eac87df2b20a
35.0,5.0,solutions-explorer/harvest-to-harvest-food-recovery-solution?queryID=034f2ca4425f1943cbc9eac87df2b20a
35.0,6.0,solutions-explorer/solmate?queryID=034f2ca4425f1943cbc9eac87df2b20a
35.0,7.0,solutions-explorer/manguissa-eco-homes?queryID=034f2ca4425f1943cbc9eac87df2b20a
35.0,8.0,solutions-explorer/zincfive?queryID=034f2ca4425f1943cbc9eac87df2b20a
35.0,9.0,solutions-explorer/cargobici?queryID=034f2ca4425f1943cbc9eac87df2b20a
35.0,10.0,solutions-explorer/sumfoam?queryID=034f2ca4425f1943cbc9eac87df2b20a
35.0,11.0,solutions-explorer/go-to-u?queryID=034f2ca4425f1943cbc9eac87df2b20a
35.0,12.0,solutions-explorer/tru-shrimp?queryID=034f2ca4425f1943cbc9eac87df2b20a
35.0,13.0,solutions-explorer/la-belle-batterie?queryID=034f2ca4425f1943cbc9eac87df2b20a
35.0,14.0,solutions-explorer/transition-one-car?queryID=034f2ca4425f1943cbc9eac87df2b20a
35.0,15.0,solutions-explorer/renewable-energy-digit-system?queryID=034f2ca4425f1943cbc9eac87df2b20a
35.0,16.0,solutions-explorer/synhelion-solar-fuels?queryID=034f2ca4425f1943cbc9eac87df2b20a
35.0,17.0,solutions-explorer/teebike?queryID=034f2ca4425f1943cbc9eac87df2b20a
35.0,18.0,solutions-explorer/micropop?queryID=034f2ca4425f1943cbc9eac87df2b20a
35.0,19.0,solutions-explorer/trucksters?queryID=034f2ca4425f1943cbc9eac87df2b20a
35.0,20.0,solutions-explorer/robotti?queryID=034f2ca4425f1943cbc9eac87df2b20a
35.0,21.0,solutions-explorer/urban-heat-vulnerability-map?queryID=034f2ca4425f1943cbc9eac87df2b20a
35.0,22.0,solutions-explorer/zs2-techpanels?queryID=034f2ca4425f1943cbc9eac87df2b20a
35.0,23.0,solutions-explorer/internationally-scalable-waste-anaesthetic-capture-and-recycling-system?queryID=034f2ca4425f1943cbc9eac87df2b20a
35.0,24.0,solutions-explorer/wadi?queryID=034f2ca4425f1943cbc9eac87df2b20a
36.0,1.0,solutions-explorer/geostorage-by-accenta?queryID=89809e3d18fda396fac74f4cae5d9d98
36.0,2.0,solutions-explorer/retrolux-scaleos?queryID=89809e3d18fda396fac74f4cae5d9d98
36.0,3.0,solutions-explorer/integrated-solar-bundle?queryID=89809e3d18fda396fac74f4cae5d9d98
36.0,4.0,solutions-explorer/lavie?queryID=89809e3d18fda396fac74f4cae5d9d98
36.0,5.0,solutions-explorer/acq80-solar-pump-drive?queryID=89809e3d18fda396fac74f4cae5d9d98
36.0,6.0,solutions-explorer/upcycling-algae-waste-into-biomaterials?queryID=89809e3d18fda396fac74f4cae5d9d98
36.0,7.0,solutions-explorer/paper-airplane?queryID=89809e3d18fda396fac74f4cae5d9d98
36.0,8.0,solutions-explorer/cereal-docks-bioplasticizer?queryID=89809e3d18fda396fac74f4cae5d9d98
36.0,9.0,solutions-explorer/climate-active-together?queryID=89809e3d18fda396fac74f4cae5d9d98
36.0,10.0,solutions-explorer/biosfilter?queryID=89809e3d18fda396fac74f4cae5d9d98
36.0,11.0,solutions-explorer/miwa-smart-reusable-packaging?queryID=89809e3d18fda396fac74f4cae5d9d98
36.0,12.0,solutions-explorer/ie5-synrm?queryID=89809e3d18fda396fac74f4cae5d9d98
36.0,13.0,solutions-explorer/green-sugar?queryID=89809e3d18fda396fac74f4cae5d9d98
36.0,14.0,solutions-explorer/energybox?queryID=89809e3d18fda396fac74f4cae5d9d98
36.0,15.0,solutions-explorer/system-o?queryID=89809e3d18fda396fac74f4cae5d9d98
36.0,16.0,solutions-explorer/breitling-watch-box?queryID=89809e3d18fda396fac74f4cae5d9d98
36.0,17.0,solutions-explorer/bamboo-for-life?queryID=89809e3d18fda396fac74f4cae5d9d98
36.0,18.0,solutions-explorer/sunstore-powerpanel-xl?queryID=89809e3d18fda396fac74f4cae5d9d98
36.0,19.0,solutions-explorer/beewe?queryID=89809e3d18fda396fac74f4cae5d9d98
36.0,20.0,solutions-explorer/geebee-professional-e-scooter?queryID=89809e3d18fda396fac74f4cae5d9d98
36.0,21.0,solutions-explorer/solisconfort?queryID=89809e3d18fda396fac74f4cae5d9d98
36.0,22.0,solutions-explorer/speed?queryID=89809e3d18fda396fac74f4cae5d9d98
36.0,23.0,solutions-explorer/kinetic-energy-recovery-system-kers-for-heavy-goods-vehicles-hgvs?queryID=89809e3d18fda396fac74f4cae5d9d98
36.0,24.0,solutions-explorer/zero-emission-bus?queryID=89809e3d18fda396fac74f4cae5d9d98
37.0,1.0,solutions-explorer/biosolar-leaf?queryID=7e5934979ac74de81b4b6b680701998c
37.0,2.0,solutions-explorer/wild-urban-spaces?queryID=7e5934979ac74de81b4b6b680701998c
37.0,3.0,solutions-explorer/ecoport-800-methanol-fuel-cell?queryID=7e5934979ac74de81b4b6b680701998c
37.0,4.0,solutions-explorer/ecosheet-pro?queryID=7e5934979ac74de81b4b6b680701998c
37.0,5.0,solutions-explorer/li-cycle-technology?queryID=7e5934979ac74de81b4b6b680701998c
37.0,6.0,solutions-explorer/azola-bio?queryID=7e5934979ac74de81b4b6b680701998c
37.0,7.0,solutions-explorer/overboat?queryID=7e5934979ac74de81b4b6b680701998c
37.0,8.0,solutions-explorer/aikan?queryID=7e5934979ac74de81b4b6b680701998c
37.0,9.0,solutions-explorer/ground-fault-neutralizer?queryID=7e5934979ac74de81b4b6b680701998c
37.0,10.0,solutions-explorer/dizzitup-brighter-lively-homes?queryID=7e5934979ac74de81b4b6b680701998c
37.0,11.0,solutions-explorer/simplanterou?queryID=7e5934979ac74de81b4b6b680701998c
37.0,12.0,solutions-explorer/b-bot?queryID=7e5934979ac74de81b4b6b680701998c
37.0,13.0,solutions-explorer/amni?queryID=7e5934979ac74de81b4b6b680701998c
37.0,14.0,solutions-explorer/evey-pulse?queryID=7e5934979ac74de81b4b6b680701998c
37.0,15.0,solutions-explorer/the-box?queryID=7e5934979ac74de81b4b6b680701998c
37.0,16.0,solutions-explorer/autonomous-lighting-system?queryID=7e5934979ac74de81b4b6b680701998c
37.0,17.0,solutions-explorer/solar-heated-packages?queryID=7e5934979ac74de81b4b6b680701998c
37.0,18.0,solutions-explorer/choice-engines-for-change?queryID=7e5934979ac74de81b4b6b680701998c
37.0,19.0,solutions-explorer/quick-scan-service?queryID=7e5934979ac74de81b4b6b680701998c
37.0,20.0,solutions-explorer/mimo-c1?queryID=7e5934979ac74de81b4b6b680701998c
37.0,21.0,solutions-explorer/bonnecabane?queryID=7e5934979ac74de81b4b6b680701998c
37.0,22.0,solutions-explorer/surelease-concrete-coating?queryID=7e5934979ac74de81b4b6b680701998c
37.0,23.0,solutions-explorer/sollum?queryID=7e5934979ac74de81b4b6b680701998c
37.0,24.0,solutions-explorer/edelsun?queryID=7e5934979ac74de81b4b6b680701998c
38.0,1.0,solutions-explorer/back2buzz?queryID=3f2c6e0d5b6c66bb19cc58233e6899b2
38.0,2.0,solutions-explorer/targeo?queryID=3f2c6e0d5b6c66bb19cc58233e6899b2
38.0,3.0,solutions-explorer/ecoazur?queryID=3f2c6e0d5b6c66bb19cc58233e6899b2
38.0,4.0,solutions-explorer/urban-smart-ecopark?queryID=3f2c6e0d5b6c66bb19cc58233e6899b2
38.0,5.0,solutions-explorer/ocean-sun?queryID=3f2c6e0d5b6c66bb19cc58233e6899b2
38.0,6.0,solutions-explorer/intellecy-bluview?queryID=3f2c6e0d5b6c66bb19cc58233e6899b2
38.0,7.0,solutions-explorer/electric-car-charge-roaming?queryID=3f2c6e0d5b6c66bb19cc58233e6899b2
38.0,8.0,solutions-explorer/floating-drum-turbine?queryID=3f2c6e0d5b6c66bb19cc58233e6899b2
38.0,9.0,solutions-explorer/biogas-heavy-truck-fleet?queryID=3f2c6e0d5b6c66bb19cc58233e6899b2
38.0,10.0,solutions-explorer/pyrocycle?queryID=3f2c6e0d5b6c66bb19cc58233e6899b2
38.0,11.0,solutions-explorer/harmony-wireless-battery-less-interface?queryID=3f2c6e0d5b6c66bb19cc58233e6899b2
38.0,12.0,solutions-explorer/sustain-compact?queryID=3f2c6e0d5b6c66bb19cc58233e6899b2
38.0,13.0,solutions-explorer/tefa-babs?queryID=3f2c6e0d5b6c66bb19cc58233e6899b2
38.0,14.0,solutions-explorer/ebikes4africa?queryID=3f2c6e0d5b6c66bb19cc58233e6899b2
38.0,15.0,solutions-explorer/fit-food-waste-monitoring-tech?queryID=3f2c6e0d5b6c66bb19cc58233e6899b2
38.0,16.0,solutions-explorer/drone-andino?queryID=3f2c6e0d5b6c66bb19cc58233e6899b2
38.0,17.0,solutions-explorer/mud-circular-jeans?queryID=3f2c6e0d5b6c66bb19cc58233e6899b2
38.0,18.0,solutions-explorer/myheat-solar-platform?queryID=3f2c6e0d5b6c66bb19cc58233e6899b2
38.0,19.0,solutions-explorer/glowee?queryID=3f2c6e0d5b6c66bb19cc58233e6899b2
38.0,20.0,solutions-explorer/reforestum-platform?queryID=3f2c6e0d5b6c66bb19cc58233e6899b2
38.0,21.0,solutions-explorer/decisionx-fleet?queryID=3f2c6e0d5b6c66bb19cc58233e6899b2
38.0,22.0,solutions-explorer/map-a-tree?queryID=3f2c6e0d5b6c66bb19cc58233e6899b2
38.0,23.0,solutions-explorer/mobile-on-site-soil-and-wastewater-treatment-machine-mst?queryID=3f2c6e0d5b6c66bb19cc58233e6899b2
38.0,24.0,solutions-explorer/solarimo?queryID=3f2c6e0d5b6c66bb19cc58233e6899b2
39.0,1.0,solutions-explorer/wastehero-solution?queryID=b812d561d9309b8480c2d88b2e8b1442
39.0,2.0,solutions-explorer/hygen-plus-a-supercharger-for-business-fleet-vehicles?queryID=b812d561d9309b8480c2d88b2e8b1442
39.0,3.0,solutions-explorer/ecoware?queryID=b812d561d9309b8480c2d88b2e8b1442
39.0,4.0,solutions-explorer/energy-efficiency-smart-home-solution?queryID=b812d561d9309b8480c2d88b2e8b1442
39.0,5.0,solutions-explorer/etrel-inch-pro?queryID=b812d561d9309b8480c2d88b2e8b1442
39.0,6.0,solutions-explorer/water-treatment-mbbr-box?queryID=b812d561d9309b8480c2d88b2e8b1442
39.0,7.0,solutions-explorer/skipper-ndt?queryID=b812d561d9309b8480c2d88b2e8b1442
39.0,8.0,solutions-explorer/keyou-inside?queryID=b812d561d9309b8480c2d88b2e8b1442
39.0,9.0,solutions-explorer/ecotierra?queryID=b812d561d9309b8480c2d88b2e8b1442
39.0,10.0,solutions-explorer/fast-charging-stations?queryID=b812d561d9309b8480c2d88b2e8b1442
39.0,11.0,solutions-explorer/venus?queryID=b812d561d9309b8480c2d88b2e8b1442
39.0,12.0,solutions-explorer/zeropet?queryID=b812d561d9309b8480c2d88b2e8b1442
39.0,13.0,solutions-explorer/nawacap-high-energy-high-power-ultracapacitors?queryID=b812d561d9309b8480c2d88b2e8b1442
39.0,14.0,solutions-explorer/optalys?queryID=b812d561d9309b8480c2d88b2e8b1442
39.0,15.0,solutions-explorer/softcar?queryID=b812d561d9309b8480c2d88b2e8b1442
39.0,16.0,solutions-explorer/water-saving-aerators?queryID=b812d561d9309b8480c2d88b2e8b1442
39.0,17.0,solutions-explorer/bhaluu-constructions?queryID=b812d561d9309b8480c2d88b2e8b1442
39.0,18.0,solutions-explorer/flaminco?queryID=b812d561d9309b8480c2d88b2e8b1442
39.0,19.0,solutions-explorer/mobile-solar-generator?queryID=b812d561d9309b8480c2d88b2e8b1442
39.0,20.0,solutions-explorer/h2eol?queryID=b812d561d9309b8480c2d88b2e8b1442
39.0,21.0,solutions-explorer/e-row?queryID=b812d561d9309b8480c2d88b2e8b1442
39.0,22.0,solutions-explorer/rype-office?queryID=b812d561d9309b8480c2d88b2e8b1442
39.0,23.0,solutions-explorer/madaster?queryID=b812d561d9309b8480c2d88b2e8b1442
39.0,24.0,solutions-explorer/industrial-carbon-sink?queryID=b812d561d9309b8480c2d88b2e8b1442
40.0,1.0,solutions-explorer/stepwin?queryID=c03808e909d71f46bdc45d1c862dc383
40.0,2.0,solutions-explorer/skysun-s-solar-finance?queryID=c03808e909d71f46bdc45d1c862dc383
40.0,3.0,solutions-explorer/biodegradable-single-use-wheat-bran-tableware?queryID=c03808e909d71f46bdc45d1c862dc383
40.0,4.0,solutions-explorer/boxhy?queryID=c03808e909d71f46bdc45d1c862dc383
40.0,5.0,solutions-explorer/opticlean?queryID=c03808e909d71f46bdc45d1c862dc383
40.0,6.0,solutions-explorer/ersa?queryID=c03808e909d71f46bdc45d1c862dc383
40.0,7.0,solutions-explorer/okcheck-app?queryID=c03808e909d71f46bdc45d1c862dc383
40.0,8.0,solutions-explorer/fuel-and-emissions-management-system?queryID=c03808e909d71f46bdc45d1c862dc383
40.0,9.0,solutions-explorer/zero-emission-energy-recovery-brake-system?queryID=c03808e909d71f46bdc45d1c862dc383
40.0,10.0,solutions-explorer/one-drop-is-enough?queryID=c03808e909d71f46bdc45d1c862dc383
40.0,11.0,solutions-explorer/pvdesign?queryID=c03808e909d71f46bdc45d1c862dc383
40.0,12.0,solutions-explorer/maritime-area-integral-supervision?queryID=c03808e909d71f46bdc45d1c862dc383
40.0,13.0,solutions-explorer/elena-piscines?queryID=c03808e909d71f46bdc45d1c862dc383
40.0,14.0,solutions-explorer/somfy-air?queryID=c03808e909d71f46bdc45d1c862dc383
40.0,15.0,solutions-explorer/rewood?queryID=c03808e909d71f46bdc45d1c862dc383
40.0,16.0,solutions-explorer/colouree?queryID=c03808e909d71f46bdc45d1c862dc383
40.0,17.0,solutions-explorer/tyre-recycling-solutions?queryID=c03808e909d71f46bdc45d1c862dc383
40.0,18.0,solutions-explorer/seawind-ocean-technology?queryID=c03808e909d71f46bdc45d1c862dc383
40.0,19.0,solutions-explorer/thermal-rail-tm?queryID=c03808e909d71f46bdc45d1c862dc383
40.0,20.0,solutions-explorer/sustainable-cooling-for-a-warming-planet?queryID=c03808e909d71f46bdc45d1c862dc383
40.0,21.0,solutions-explorer/ace-one?queryID=c03808e909d71f46bdc45d1c862dc383
40.0,22.0,solutions-explorer/plasma-vortex?queryID=c03808e909d71f46bdc45d1c862dc383
40.0,23.0,solutions-explorer/ecotree?queryID=c03808e909d71f46bdc45d1c862dc383
40.0,24.0,solutions-explorer/bit-bait-infinity-pesticide?queryID=c03808e909d71f46bdc45d1c862dc383
41.0,1.0,solutions-explorer/absolicon-t160-production-line?queryID=546ea62d4189a904178f92c2d3f5d7a8
41.0,2.0,solutions-explorer/laneva-dayboat?queryID=546ea62d4189a904178f92c2d3f5d7a8
41.0,3.0,solutions-explorer/sfereno-pro?queryID=546ea62d4189a904178f92c2d3f5d7a8
41.0,4.0,solutions-explorer/carboncure-technology?queryID=546ea62d4189a904178f92c2d3f5d7a8
41.0,5.0,solutions-explorer/sugree-campsite-powerbox?queryID=546ea62d4189a904178f92c2d3f5d7a8
41.0,6.0,solutions-explorer/sicla?queryID=546ea62d4189a904178f92c2d3f5d7a8
41.0,7.0,solutions-explorer/pur-projet-nature-based-solutions?queryID=546ea62d4189a904178f92c2d3f5d7a8
41.0,8.0,solutions-explorer/smart-bam?queryID=546ea62d4189a904178f92c2d3f5d7a8
41.0,9.0,solutions-explorer/bioloo?queryID=546ea62d4189a904178f92c2d3f5d7a8
41.0,10.0,solutions-explorer/eccocar-carsharing-s-l?queryID=546ea62d4189a904178f92c2d3f5d7a8
41.0,11.0,solutions-explorer/xstrawdinary?queryID=546ea62d4189a904178f92c2d3f5d7a8
41.0,12.0,solutions-explorer/too-good-to-go?queryID=546ea62d4189a904178f92c2d3f5d7a8
41.0,13.0,solutions-explorer/branbox?queryID=546ea62d4189a904178f92c2d3f5d7a8
41.0,14.0,solutions-explorer/edn?queryID=546ea62d4189a904178f92c2d3f5d7a8
41.0,15.0,solutions-explorer/waste-to-wealth-plastic-blocks?queryID=546ea62d4189a904178f92c2d3f5d7a8
41.0,16.0,solutions-explorer/biomethane-enrichment-and-storage?queryID=546ea62d4189a904178f92c2d3f5d7a8
41.0,17.0,solutions-explorer/altivar-312?queryID=546ea62d4189a904178f92c2d3f5d7a8
41.0,18.0,solutions-explorer/teraloop-flywheel-ev-charging?queryID=546ea62d4189a904178f92c2d3f5d7a8
41.0,19.0,solutions-explorer/eco-h2?queryID=546ea62d4189a904178f92c2d3f5d7a8
41.0,20.0,solutions-explorer/solarbox?queryID=546ea62d4189a904178f92c2d3f5d7a8
41.0,21.0,solutions-explorer/airfibr?queryID=546ea62d4189a904178f92c2d3f5d7a8
41.0,22.0,solutions-explorer/solar-thermal-high-vacuum-panels?queryID=546ea62d4189a904178f92c2d3f5d7a8
41.0,23.0,solutions-explorer/b-cap-refill-cap?queryID=546ea62d4189a904178f92c2d3f5d7a8
41.0,24.0,solutions-explorer/calwave-wave-energy-converter?queryID=546ea62d4189a904178f92c2d3f5d7a8
42.0,1.0,solutions-explorer/komebac?queryID=24b2f2998ea843b5827e15f294e14fa6
42.0,2.0,solutions-explorer/energsoft-battery-analytics?queryID=24b2f2998ea843b5827e15f294e14fa6
42.0,3.0,solutions-explorer/belimo-energy-valve?queryID=24b2f2998ea843b5827e15f294e14fa6
42.0,4.0,solutions-explorer/z-trusion?queryID=24b2f2998ea843b5827e15f294e14fa6
42.0,5.0,solutions-explorer/cobrane-a1-e-vehicle?queryID=24b2f2998ea843b5827e15f294e14fa6
42.0,6.0,solutions-explorer/tocardo-tidal-energy-turbines?queryID=24b2f2998ea843b5827e15f294e14fa6
42.0,7.0,solutions-explorer/plasticfri?queryID=24b2f2998ea843b5827e15f294e14fa6
42.0,8.0,solutions-explorer/solvalite?queryID=24b2f2998ea843b5827e15f294e14fa6
42.0,9.0,solutions-explorer/ree4eu?queryID=24b2f2998ea843b5827e15f294e14fa6
42.0,10.0,solutions-explorer/optiwise?queryID=24b2f2998ea843b5827e15f294e14fa6
42.0,11.0,solutions-explorer/interfiltre-washable-air-filter?queryID=24b2f2998ea843b5827e15f294e14fa6
42.0,12.0,solutions-explorer/greenastic?queryID=24b2f2998ea843b5827e15f294e14fa6
42.0,13.0,solutions-explorer/solid-biofuel-production?queryID=24b2f2998ea843b5827e15f294e14fa6
42.0,14.0,solutions-explorer/data-centre-cooling-by-immersion-4?queryID=24b2f2998ea843b5827e15f294e14fa6
42.0,15.0,solutions-explorer/truegreen?queryID=24b2f2998ea843b5827e15f294e14fa6
42.0,16.0,solutions-explorer/magnetosponges?queryID=24b2f2998ea843b5827e15f294e14fa6
